typeId	buyWeightedAverage	buyMax	buyMin	buyStddev	buyMedian	buyVolume	buyOrderCount	buyPercentile	sellWeightedAverage	sellMax	sellMin	sellStddev	sellMedian	sellVolume	sellOrderCount	sellPercentile
18	14.6377708	31.55	1	15.25668924	31.495	18033529	7	31.55	50	50	50	0.01	50	267142	1	50
19	1301.599941	4002.5	0.505	2464.886168	652.9425	965697	5	1751.138813	0	0	0	0	0	0	0	0
20	170.9965321	338.8	1	141.405038	309.3	6853016	17	338.7081713	504.4548081	4644	340	1127.397043	411.7	2465970	27	379.8585786
21	429.3515709	430.1	1.08	234.6063092	428.2	251354	8	430.1	2499	2499	2499	0.01	2499	18	1	2499
22	497.3784695	3356	50.1	1908.373645	3355	252243	6	3356	3765.538556	4500	3361	482.2174821	3950	817	5	3362.510404
34	2.844187421	3.3	2.01	0.302725713	3.04	7315392524	30	3.262163184	4.805429493	666	3.65	167.2372982	3.8	1146888271	18	3.676961795
35	12.90294846	15.34	7.58	2.174800832	13.33	1196921142	29	15.34	17.50551323	1900	15.35	337.2558774	18.06	1318432784	58	15.35
36	48.75881068	60.78994078	24.9753353	10.28699614	57.18618931	244640145	43	60.65031374	72.44586855	6848.313193	65.81401515	1128.834405	70.69419374	172686926	37	68.55125403
37	58.32381499	175.6	3.24	30.03725473	150.5	175622525	48	175.5614526	234.0974775	257.8	212.3	14.5768636	219	27039195	15	212.4981553
38	680.9328084	765.4	450.1	77.6248327	698.05	20206360	51	764.2084687	899.4281842	731000	815.5	143183.9475	906.55	16415423	26	852.4805834
39	998.9363929	1710	500	344.573654	1285	11492485	67	1641.653807	1850.350527	3037	1828	420.7235265	1846.5	5026410	8	1845.992786
40	1956.981813	2511	1578	278.7993876	2356	5005255	47	2494.292662	3406.219515	3550	2716	245.5212286	3122	4164508	20	2716
41	11	11	0.01	7.771103525	5.505	4575	2	11	7884.258899	8000	4999	1732.050904	6499.5	130356	4	5698.300377
42	1668.09	1708.57	1627.61	57.247365	1668.09	360	3	1708.57	32504.91892	61680	1709	42405.90077	31694.5	37	2	1709
43	308.4	308.4	308.4	0.01	308.4	142904	1	308.4	335.5353555	340	335.49	3.189051583	337.745	7060	2	335.49
44	7456.694102	9504.822446	498.0696228	3557.557488	9227.679887	610166	15	9504.822446	12612.73373	13694.09293	10496.4862	738.5594736	11417.91493	582776	23	10827.2178
45	20	20	20	0.01	20	82635	2	20	41.50666667	85	20.01	37.23667592	84	60	3	20.01
178	1.617246512	1.66	0.01	0.935788438	1.6	1352183	3	1.66	23.00277964	98	1.67	21.7097143	21.445	5977835	14	17.89453314
179	1	1	1	0.01	1	9828316	1	1	13.31075493	189900	4.01	63297.16718	6.99	1165453	9	7.838499408
180	1.000031127	1.01	0.01	0.574485277	1	10030923	3	1.000622535	41.1547217	189900	32.96	57244.91876	42.98	3620456	11	32.97856372
181	3.939093816	3.96	3.84	0.084852814	3.9	464762	2	3.96	43.77510769	49.96	24.99	10.10569051	29.8	3928338	13	27.3701988
182	0.505	1	0.01	0.700035713	0.505	2000000	2	1	40.85118416	44	30	4.239949185	38.99	1641146	11	35.21696823
183	3.094927249	3.33	2.7	0.258166613	3.06	2536651	5	3.320556281	78.1585432	88	55	11.493725	73.5	806922	8	55
184	3.146402238	3.26	3.01	0.118617031	3.22	1097699	5	3.253586411	26.17905854	189900	23.24	60043.54824	26.195	1918187	10	23.24478674
185	2.669941266	5.32	2.41	1.574849199	2.47	1338229	5	5.312073935	61.99139498	100	49.79	15.52938686	58.36	2695557	22	49.92126096
186	0.01	0.01	0.01	0.01	0.01	999600	1	0.01	39.72199828	42.75	37	1.980251307	39	1895918	7	38.88997847
187	13.25254848	13.33	0.01	6.625467908	13.225	2340243	4	13.33	745.7273758	150000	192.8	55261.69568	195	1477057	13	192.8
188	0.5	0.5	0.5	0.01	0.5	100000	1	0.5	27.55421869	29.9	27	1.011447866	27.38	1668907	8	27.06643652
189	19.00763902	19.03	19	0.021213203	19.015	641501	2	19.03	58.71557175	64	39.75	11.7968759	62.325	1887607	12	39.75
190	15	15	15	0.01	15	183907	2	15	101.8670805	112.8	79	8.846129097	103.8	1171698	11	79
191	26.7	26.7	26.7	0.01	26.7	65332	1	26.7	135.5527219	139	132.8	2.204176231	134.95	1770061	8	132.8
192	39.73316331	39.74	39.73	0.007071068	39.735	23722	2	39.74	90.41034214	99.9	88.77	3.697649253	89.975	2740073	10	88.77
193	40.02	40.02	0.01	23.09689806	0.02	1018875	4	40.02	112.6751716	189900	111.5	77480.18566	113.4	453512	6	111.5294396
194	20	20	20	0.01	20	810466	1	20	40.57985787	43.97	39	2.206852963	40.995	469562	4	39
195	22.95241088	25	22.5	1.767766953	23.75	1048349	4	25	49.76092922	75	39	25.45584412	57	836359	2	39
196	35	35	35	0.01	35	816999	1	35	139.6291677	143.8	134	4.413237663	136	357957	4	134
197	55	55	55	0.01	55	768523	1	55	265.3688525	189900	250	109487.2624	275	488000	3	250
198	50	50	50	0.01	50	788386	1	50	166.4650121	167.7	165	1.530795	167.6	330400	3	165
199	128.4475521	145	0.01	59.87567386	130	1300671	6	145	216.6702106	225	198	15.06994802	199.9	345747	3	198
200	125.0055556	175	0.01	68.32017945	125.1	900000	5	175	222.5660557	99100	218	32957.9096	225.9	710839	9	218
201	199.1819891	215	0.01	79.55174511	178.6	697068	7	215	251.6708408	252	251	0.707106781	251.5	223600	2	251
202	184.4495104	270	150	68.57173859	267.5	321314	3	270	332.8486215	353	324	8.799848484	331.45	2324676	10	324
203	60.73302404	127	50	44.17012565	126	581116	3	127	264.8021735	360	230	49.71070643	241.45	1339782	10	232.799639
204	156.3270544	157	156	0.707106781	156.5	1450722	2	157	279.5401576	282.5	273	4.407115459	281.45	738374	6	273
205	87.79689412	109	80	13.47440877	102.555	689660	4	109	233.2492065	249.9	200	28.553517	249	593548	3	200
206	51.48912355	76	45.01	13.96311713	50.52	1672538	6	68.67830686	126.0369237	250	99.98	48.36992	103.9	1451895	9	99.98197394
207	38.95098415	50	36	7.114304838	45.2	1113195	3	50	79.20331837	110.7	69	14.72813849	85	4024891	17	69
208	59.44746735	61	50.01	4.616892379	57.5	1235644	7	61	78.64804217	82	74	3.064924453	78.8	1766749	7	74
209	31.81673195	40	30	5.392896562	31.5	1014604	3	40	63.15123938	73.99	58	6.050196841	67.5	3507074	11	58
210	10.25043604	12.5	7.53	2.36691149	10.01	2170076	6	12.5	48.56549568	20000	18	4701.427685	21.96	8527423	18	18
211	5.401684043	12	1	4.93457445	6.505	1876983	4	12	40.20769886	189900	18	67128.35816	24.745	2731038	8	18
212	10.37804655	14	2.63	4.449005507	12.01	4636144	5	14	45.21330744	75	19	20.61172309	22.7	2251877	7	19
213	6.015284023	8	0.01	2.959873308	2.55	3582984	5	8	45.61596814	79.99	16	23.13710634	30.445	3645934	10	16
215	1.4089677	1.51	1.39	0.061305247	1.455	114919594	7	1.42022224	21.60639412	1030	17	244.937483	19.93	6031958	17	17
216	2.243040667	2.91	0.01	1.605145372	1.575	677274	5	2.91	24.9559525	189900	9.99	54743.14323	14.995	2353881	12	9.996431425
217	3.33074782	3.56	3.13	0.189120773	3.265	11930554	6	3.56	53.70554463	189700	42.98	63031.03151	46.8	226026	9	42.98
218	2.629395617	2.7	2.62	0.043588989	2.63	10732750	4	2.630803439	59.37563736	98	35.71	20.9929259	49.995	1606404	10	48.29062114
219	3.6	3.6	3.6	0.01	3.6	101959	1	3.6	33.53978945	189900	13.61	77513.15717	43.995	112752	6	13.61
220	9.31	9.31	9.31	0.01	9.31	9795678	1	9.31	69.12431012	94.99	36.9	23.99320087	68.965	2630483	14	38.2330686
221	1.06	1.06	1.06	0.01	1.06	97443	3	1.06	38.05305961	189900	7.08	71763.22907	38	1623453	7	35.73298494
222	7.993335658	17.5	1.69	9.039747415	2	133347	3	17.5	26.67544142	35.75	19.99	4.66321185	28.5	5445220	21	23.10375493
223	5.22	5.22	5.22	0.01	5.22	11602082	2	5.22	11.53545817	100	10.92	24.27125798	11.22	3898312	15	10.92
224	6.00860442	10.15	0.03	5.087202899	6	2534353	4	6.1720884	219.9892276	228	25	78.05272257	222.9	131169	9	128.8743377
225	4.270544743	10.24	0.17	5.457524164	0.2	280242	5	10.24	47.30006946	76.3	30.99	14.53858061	47.7	3449707	16	30.9996304
226	0	0	0	0	0	0	0	0	34.75931531	40.33	26.89	3.850144099	35.74	521797	16	27.2542828
227	6.086933726	9.71	0.18	4.9913592	5.935	200442	4	9.71	44.32427024	189900	40.99	54805.82182	43.505	1896427	12	40.99839741
228	4.783982997	15	1.04	8.056924558	1.05	1567975	3	15	63.43767071	79.22	40.99	11.94763323	60.925	1178603	20	43.75909222
229	10.04665214	10.05	10.04	0.007071068	10.045	68850	2	10.05	39.03059827	46	10.06	7.916392431	40	2427277	17	32.92305781
230	55.36020229	59.81	0.03	22.3957402	39.56	11528866	12	58.18730432	109.9968585	110	109.9	0.070710678	109.95	516277	2	109.9371694
231	13.64001527	17	12	3.535533906	14.5	2667102	4	17	31.71116619	40.99	25.89	5.811200187	27.01	560800	7	25.89
232	10.99967997	15	10	3.535533906	12.5	1249900	2	15	31.60249833	49	30	7.228435787	32.48	796573	8	30
233	33.16685786	40	31.01	4.929506399	32	629927	3	40	62.44819262	85.5	58	11.67006084	59.9	585172	5	58
234	23.3288877	40	0.03	20.19365329	15	1499600	3	40	61.02762063	72.99	57.7	6.429518385	60.505	872500	6	57.7
235	33.83957352	76	25	29.16327656	75.01	1209900	3	76	129.4074763	134	126.8	2.854470179	130.15	516300	6	126.8
236	28.14831228	40	25	7.768957459	36.01	1273683	3	40	100.626484	129.9	95.98	13.70277113	99.4	567093	6	95.98
237	27.99807969	40	0.03	20.19117712	25	1249800	3	40	105.0575264	110	91.8	6.539586415	95.8	1739759	7	91.8
238	180.284284	190	174	7.561029471	180.55	813032	4	190	251.0540109	300	247	20.63837849	250.45	593175	6	247
239	1185.787266	1196	1128	25.85665614	1186	19428	6	1195.028001	6696.92332	4000000	4497	1107799.899	5200	26943	13	4823.335449
240	550.3022355	550.4	550.3	0.070710678	550.35	9886	2	550.3447097	29221.1148	74900	4994	19842.14357	5997	1324	12	4994
241	1386.101305	1387.754286	1383.888675	2.011727655	1386.787883	1340	3	1387.754286	15833.35073	48604.03244	5018.30399	10293.99385	6490.135312	13007	18	5018.30399
242	1839.804958	2398	1000	427.0564951	2010	19483	9	2128.011035	6971.779243	50000	4398	12404.22475	6079.5	17209	26	4477.143994
243	1469.320586	1486	1423	32.66037354	1481	1229	5	1486	7664.386827	189900000	2997	40485423.64	5494.5	8244	22	2998.73605
244	1442	1442	1442	0.01	1442	2938	2	1442	21842.24316	200000	7996	60494.77924	8500	2813	10	7996
245	559.5253452	1040	2.02	458.2340405	800	7588	15	1040	47099.10195	200000	8499	59413.81838	9250	2305	10	8499.010846
246	1108.129057	2002	100	589.832191	1682	20494	12	1789.902118	18000.21076	64000	8464	16775.35242	9186	15525	21	8465.523671
247	23130.1071	24310	21010	1402.45915	23335	5986	5	24310	46620.60482	50000	35000	5255.808691	39000	2447	9	37207.43768
248	4803.634211	6260	2800	1508.1903	5749.5	5998	8	6260	45630.55814	189900000	19930	50741635.41	20955	1075	14	19930
249	1169.940167	1332	1000	156.623487	1265.5	2390	4	1332	31798.5617	189900000	7899	57248969.44	17950	1807	11	7919.546209
250	3182.827878	4405	1800	1330.268172	4324.5	2719	8	4405	55526.31439	189900000	43810	47455702.04	44315	4523	16	43810
251	5347.786704	5373	5116	128.0026041	5371.5	1083	4	5373	34117.8206	36050	28490	3598.89605	30000	3010	9	28726.1794
252	10693.45696	13020	9800	1379.014141	12010	5797	5	13017.52631	31001.44204	189900000	30970	67128457	31500	2545	8	30989.37132
253	9000	9000	9000	0.01	9000	237	1	9000	21005.16312	189900000	14000	67131234.31	28630	1410	8	14443.33333
254	6050.546632	8030	555	2740.17151	7037	8106	7	8028.744387	29547.73241	159000	24160	29160.34052	24400	18222	21	24209.70475
255	48988.36244	52000	44540	3307.369297	50005	3035	4	52000	199792.2529	500000	98500	137225.9626	109900	870	8	98500
256	31681.77344	35100	22410	5968.196266	33255	2560	4	35100	46722.37705	52790	44800	3519.839011	46750	366	6	44800
257	19605.47247	23000	16820	3003.6242	20005	2942	4	23000	29907.40741	30000	29900	70.71067812	29950	270	2	29900
258	33486.5375	44000	16860	15391.45975	43010	3200	3	44000	63519.70037	189900000	63000	77499945.7	64495	267	6	63000
259	27502.45247	27520	27450	37.85938897	27510	1052	3	27520	38569.31125	39000	34900	2338.803113	35000	1147	3	34900
260	43306.09328	51000	32380	9375.576427	43760	3023	4	51000	73375.10022	83460	67900	7791.336214	80000	449	5	67900
261	56652.29491	61000	44670	7486.630306	58055	1926	4	61000	78933.11377	119000	74500	15471.59702	81445	334	8	74500
262	109534.5444	135200	44540	39153.74976	132000	3611	5	135200	158263.6564	166900	146600	8004.482646	157450	1816	12	146745.5947
263	82.96335211	85.01	79.53	2.282825369	83.055	91327	5	85.01	1797.701659	189900000	997.9	52668308.12	1950	43830	13	997.9
264	160.9940976	176.8	145	14.14390328	176.6	20746	6	176.7348415	6403.369666	50000	849	12560.88705	1795.5	59589	16	849.8607125
266	0.01	0.01	0.01	0.01	0.01	110173	1	0.01	22.70586987	145	12.99	37.62894805	19.99	4388360	17	13.75612985
267	121.1905372	205	100	51.3777108	201.55	312170	4	205	590.1268744	884.7	342	180.7459854	421.95	338396	8	342
269	11.66869124	13.07920771	0.009984128	6.412593325	8.990707287	2994027	4	13.07920771	33.47320514	74.90794255	17.4992064	17.46251048	19.885413	4725310	11	17.4992064
377	1777.670374	1778	1777	0.707106781	1777.5	2967	2	1778	11211.68089	14000	9990	1245.616416	11200	6211	13	9990
380	89806.4557	110900	60000	24875.33759	100200	136	7	110900	691388.1784	4308000	227800	933339.6652	247400	1861	25	227800
393	6600.574085	6609	6594	8.386497084	6608	1775	3	6609	33236.58784	34800	30100	2393.733486	34775	296	6	30132.43243
394	95895.1567	105300	90020	6227.461762	101300	351	5	105300	216392.7954	1006000	145400	178910.8435	218000	694	21	157889.9135
399	5941.104994	6028	1777	2452.873893	6023	4505	3	6028	27277.55208	31000	18960	5343.753363	24800	960	7	18960
400	175484.8571	199900	150000	21665.76875	178950	350	8	199834.2857	392789.6196	470000	294100	59725.12203	409700	1840	35	294100
405	0	0	0	0	0	0	0	0	67944444.44	74500000	30000000	22695447.41	60000000	9	3	30000000
421	972920.8973	4053662.338	288311.6883	2662504.978	2170987.013	11	2	4053662.338	36886753.25	39649350.65	33095064.94	2588306.23	36650909.09	77	8	33095064.94
434	37827.37834	38190	33000	1945.962395	37980	2281	8	38190	335542.0176	4999000	78200	1737183.358	87500	1021	8	78200
438	1560247.458	1898000	402400	520499.987	1598500	658	15	1897123.267	2296524.025	2577000	2063000	153106.5751	2110000	1103	25	2064564.823
439	6830.814049	7148	100.4	2109.183959	7080	5424	11	7147.648968	205453.6441	250000	26000	111685.8885	26945	236	4	26000
440	2264629.63	2413000	1537000	324123.5735	2385000	369	13	2413000	3143756.039	3530000	3092000	156181.6073	3134000	414	9	3092454.106
442	0	0	0	0	0	0	0	0	47723.3573	248853.3977	7019.430615	59382.61501	13368.64092	2796	18	7161.081545
443	16	16	16	0.01	16	4989	1	16	21495.36697	23590	19400	1776.070569	20925	872	6	19400
444	2357.498832	2450	1520	391.338728	2401	18836	5	2402.15842	5661.84601	43890	2999	7598.935146	6237	5338	30	2999.996253
447	69096.41429	77780	51540	11174.20819	56550	1651	7	77771.45366	151001.9289	230400	84800	34965.11279	128150	1970	24	84877.66497
448	993626.0016	1103000	300000	306731.2849	1013500	1223	16	1103000	1431705.448	1561000	1369000	75614.81336	1477500	1083	10	1369000
450	2211.733096	2777	1781	520.8032258	2015	843	3	2777	9572.398508	11000	5599	2150.934784	7980	2547	9	5599.199058
451	2777.131631	2779	2777	1.414213562	2778	1018	2	2779	15696.78639	19800	15460	1512.471304	15800	3675	9	15475.15646
452	15568.61841	22770	779	8567.684597	6380	17414	9	22445.16711	45010.20254	189900000	42770	60036083.73	43930	3851	10	43678.76396
453	1777.574248	1786	1777	4.932882862	1785	1064	3	1786	99608.91163	169000	50000	46292.75036	92500	2931	8	50000
454	2777	2777	2777	0.01	2777	959	1	2777	50272.00249	68000	38500	12229.02928	45690	804	7	38500
455	9733.846645	9857	9703	88.3402513	9855	626	3	9857	46993.44523	59890	37200	8740.274323	37500	1132	7	37297.5265
456	4132.992063	4136	0.01	1686.72008	4131.5	252	6	4136	617312.7551	7999000	399700	3504989.332	400000	196	5	399928.5714
457	11263.50427	11300	11110	80.57087977	11180	117	4	11300	282666.8942	349900	247600	45660.78186	247900	293	5	247631.7406
458	27833.71254	50140	0.01	18799.86448	45800	1802	9	50137.32519	411280.4511	472700	370000	44441.18585	414550	399	6	370000
459	52368.50394	200400	50000	106348.8599	125200	508	2	97370.07874	416245.189	423100	414600	2950.333828	416150	1164	12	414993.8144
460	21521.74963	26470	17900	4582.863006	25000	2029	3	25420.207	2219202.83	2440000	2054000	111090.2991	2205000	212	11	2054811.321
461	19445.56411	35030	4746	14109.93427	26000	2402	7	35003.26235	2109649.573	3701000	2080000	481657.6491	2111000	351	11	2080000
462	525167.5439	525600	1000	302388.3981	523900	118	4	525600	2404744.144	7991000	2100000	2437117.091	3587000	555	8	2100000
463	199658.2278	327000	179300	78908.99822	205000	749	4	242749.6484	3902767.606	3930000	3895000	16421.53058	3898500	142	4	3896309.859
464	416252.0833	505500	335800	68330.91297	502200	192	6	505420.8333	3976131.841	5055000	3936000	291971.9993	3972000	402	14	3936402.985
482	390301.1164	500655.8959	201038.7443	113010.2241	431425.4211	926	13	499963.1245	650568.9893	1040275.651	602197.5498	100101.2606	745237.366	3918	15	602271.0567
483	564.3041604	605	501.1	58.57749852	550.65	2644	4	605	253769.969	689500	238800	181396.2118	249500	323	6	238800
484	1405.95289	1407	1350	27.58471799	1404	4118	4	1407	2475357.809	4999000	95980	1843152.617	2493000	324	7	1161575.926
485	1523.419767	1524	1523	0.707106781	1523.5	1720	2	1524	29197.27273	29200	29100	70.71067812	29150	110	2	29145.45455
486	5018	5018	5018	0.01	5018	927	1	5018	198948.7132	223000	179900	14743.83076	191000	2720	11	188770.5882
487	777	777	777	0.01	777	771	1	777	67465.08102	75000	63000	5002.668455	67245	864	4	67043.7037
488	35021.3913	35080	35000	56.56854249	35040	920	2	35080	142374.1784	179900	140900	16332.55586	159900	4047	7	140990.1161
489	107.647918	111	105.7	3.031501278	105.8	3074	3	111	45101.68876	111200	44890	23238.44536	44955	2339	8	44935.81018
490	10000	10000	10000	0.01	10000	13	1	10000	120457.4952	126000	118800	3074.317578	119500	2068	7	118800
491	185401.0033	185500	185400	70.71067812	185450	299	2	185420.0669	271332.5153	271400	270900	264.5751311	271300	163	3	270900
492	10790.78014	11190	10350	309.1296025	10780	564	9	11183.5461	209200	250000	199000	36062.44584	224500	10	2	199000
493	120655.2167	121200	115800	1918.70492	120200	623	7	121200	798834.9206	802600	794900	4417.012565	795000	63	3	794900
494	124012.6989	156000	0.01	74704.06017	10370	641	4	156000	1976578.313	1990000	1965000	10871.98234	1968000	83	5	1965000
495	110645.1307	156000	0.01	66360.38978	10400	727	5	156000	1695717.949	1740000	1693000	22603.46581	1707000	39	4	1693000
496	1600000	1604000	3.01	650066.6911	1596500	223	6	1604000	2615685	2890000	2400000	137957.2196	2527000	200	9	2467500
497	91098.82545	100300	52740	24518.9804	53170	613	5	100300	1284074.074	1380000	1280000	52915.02622	1300000	108	3	1280000
498	1937215.569	1940000	1913000	10112.69829	1936000	167	6	1940000	3113303.03	3200000	3099000	58025.85631	3100000	66	3	3099000
499	0	0	0	0	0	0	0	0	27097.28622	38000	13000	7616.382125	13610	3368	10	13000
501	5769.626374	5796	5741	30.41381265	5791	597	5	5796	90783.92157	102400	79900	8666.487178	88000	255	5	85521.56863
503	3710	3710	3710	0.01	3710	36	1	3710	135174.7312	170000	121800	21011.77674	125000	186	7	121800
506	13100	13100	13100	0.01	13100	49	1	13100	27535471.43	35030000	7896000	9884238.925	8500000	70	8	7912285.714
508	500000	500000	500000	0.01	500000	6	1	500000	49759047.62	49780000	49700000	35939.76442	49765000	21	4	49700000
509	0	0	0	0	0	0	0	0	20307972.97	76378378.38	15771621.62	18870344.28	16717567.57	74	11	15789189.19
518	101200	101200	101200	0.01	101200	10	1	101200	39730769.23	48500000	10500000	26870057.69	29500000	13	2	10500000
519	675100.3559	712900	250000	160129.7192	712450	281	8	712900	987712.8626	1191000	841700	83015.00148	910000	2861	35	845248.165
520	25331.47463	27320	2777	9997.747621	27260	1222	6	27320	124420.7488	125000	99980	13853.95732	122800	2484	3	114899.3559
521	2897844.444	2898000	2897066.667	659.9663291	2897533.333	6	2	2898000	17124000	19273333.33	15036000	1764886.609	17747333.33	30	5	15036000
522	5262925.926	5262925.926	5262925.926	0.01	5262925.926	3	2	5262925.926	63683333.33	87565925.93	44954814.81	16792466.57	46399259.26	27	12	44961481.48
523	1777	1777	1777	0.01	1777	1877	3	1777	15463.6618	84130	11000	22804.03296	15900	2395	9	11000
524	1032.86337	1038	1032	3.214550254	1037	1193	3	1037.083822	80755	81270	79000	1044.904302	80970	108	4	79000
526	31855.96491	35290	25550	4342.629283	35010	1919	12	35290	263172.2467	189900000	178100	42410297.5	215000	227	20	178147.1366
527	316987.3404	691600	62100	262818.5737	375050	959	7	691600	867088.7588	1546000	829900	167674.6577	847850	854	18	829900
529	1820.88015	1857	1777	38.43067351	1834.5	1335	4	1857	109527.1429	123600	55000	21296.53963	114850	357	14	74896.05042
530	7004.153213	7019	7001	8.261355821	7015.5	607	4	7018.461285	81884.48454	112000	58930	20566.65589	59850	388	10	59165.97938
533	20083.60544	20120	20060	29.43920289	20090	294	4	20120	54569.45578	56880	51490	2666.370192	53990	441	5	51490
561	10000	10000	10000	0.01	10000	13	1	10000	118991.9355	175000	110000	37498.93332	110100	124	3	110000
562	900.1	900.1	900.1	0.01	900.1	9886	1	900.1	49912.20981	50000	44990	2889.642423	45000	5014	3	48244.19625
563	164.9926536	167	164.9	0.888819442	165.55	10386	4	166.7530714	22367.61241	22510	22350	54.68524655	22420	3514	7	22350
564	15059.78218	15920	15050	444.1095961	15640	1010	3	15245.64356	216118.9584	1099000	49980	278261.7799	170000	4570	15	49986.60832
565	1246	1246	1246	0.01	1246	807	1	1246	39659.99209	78000	39490	16989.41376	39980	1265	5	39490
566	38101.51454	40370	38020	1318.218495	40230	997	3	39650.29087	250949.3945	290000	244000	21990.52826	247500	2312	4	248572.6644
567	1671.076923	1694	1600	48.83987442	1670	897	3	1694	26566.79458	26970	26270	230.2017748	26360	1329	8	26288.79609
568	199600	199600	199600	0.01	199600	118	1	199600	559900	559900	559900	0.01	559900	30	1	559900
569	3163.575	3169	3148	11.8462371	3149	280	3	3169	246210.3635	370000	246000	61413.67926	247800	1293	4	246000
570	1076.666667	1115	1000	81.31727984	1057.5	963	2	1115	249392.5926	249500	245000	2569.695183	249400	324	3	248041.9753
571	211917.3913	214300	211300	1501.1107	212900	138	3	214300	2453808.081	3250000	2008000	569253.2284	2012000	99	7	2008797.98
572	6308.402878	6684	5000	967.3877196	6667	556	3	6684	293963.1579	296400	291500	2176.005515	293900	437	9	291500
573	1142564.767	1153000	1078000	36373.06696	1149500	193	4	1151243.523	3023302.632	3044000	3015000	11506.51989	3021500	152	6	3016815.789
574	257094.6763	265100	126800	49194.1973	254600	695	7	260880.5755	2938890.688	3542000	2660000	285569.1924	2779000	247	11	2668380.567
575	180767.7298	192400	180000	8768.124087	186200	533	2	192400	1381027.027	1390000	1374000	8962.88644	1375000	37	3	1374000
577	5076.646914	5228	5004	126.8082542	5219	405	3	5228	82272.27273	87430	78290	2895.621911	82850	1012	16	78511.73913
578	36703.68121	76690	0.01	32437.73978	75555	1678	10	76690	199376.3934	266800	193300	38689.31808	209100	610	3	193300
580	11363.23798	17800	100	5670.522202	14620	1643	10	17797.79063	104401.6807	115000	103500	3986.226286	103900	357	9	103500
581	1799.732841	1801	1777	16.97056275	1789	947	2	1801	42516.74733	44980	41000	1383.364257	43275	2438	6	41000
582	63825	139000	15000	87681.24087	77000	160	2	139000	287883.3333	999800	206000	205186.8086	246500	174	14	207735.6322
583	104328.0105	142800	35000	39658.8968	140000	390	8	142735.0785	376219.8405	999400	338600	142548.123	377500	1003	20	338630.2094
584	184597.1179	260800	30720	111963.6989	250100	458	5	260800	478983.9378	2505000	399500	654192.4015	410400	193	10	399500
585	190840	192000	188800	1637.070554	191000	63	5	192000	500000	500000	500000	0.01	500000	82	1	500000
586	176704.467	206300	48020	66643.52295	205500	200	11	206300	1010595.935	1250000	599200	237877.4951	674950	123	8	601225.2033
587	210434.6632	240200	66120	89749.81041	226000	1979	10	239792.6316	547800.8403	1000000	468700	126987.3942	545000	595	16	492842.0168
588	50.86046512	51	0.01	29.15470288	50	559	3	51	11699.91379	24900	8500	6990.575799	12000	116	9	8679.310345
589	194828.837	235400	25010	74718.41467	192600	1281	8	234661.7089	579584.399	999100	539900	152911.0237	547000	391	18	539900
590	107970.6871	140000	50010	37804.17107	80170	684	5	140000	407125.7764	999800	200000	201819.8117	349800	322	15	234472.0497
591	93944.52632	111700	20000	26566.0163	100000	938	12	111344.7368	441978.0347	3501000	300000	605207.0132	419800	346	26	300000
592	70625.33727	75150	15000	26884.26808	75110	1366	6	75146.23946	317855.8333	489900	285000	59135.99494	325400	120	13	294916.6667
593	302602.1978	318500	122000	97985.28376	317700	227	6	318500	445021.5517	450000	445000	3535.533906	447500	232	2	445000
594	92914.41441	120100	40000	40840.46196	66200	222	3	120100	236446.9274	250000	139700	37784.90817	148950	1432	8	144691.3408
596	323.6116839	351	5.02	199.4635977	350	772	3	351	11878.78889	22000	351.8	6833.693029	7900	36	11	351.8
597	196569.0037	241200	19000	106245.9866	227150	839	7	236545.6335	444761.7486	4140000	300000	763761.9968	431500	366	24	335923.4973
598	67834.78261	155000	25000	61107.9032	111150	46	4	155000	390532.1429	1500000	315000	362466.8353	345000	56	10	315000
599	68584.79769	70300	57750	6665.992049	69170	346	5	70300	249197.4026	999800	194700	253619.1668	198450	154	10	194700
601	61.60640316	63	61.01	0.995004188	62	253	3	63	26639.44444	27990	24000	1634.57028	25000	18	5	24000
602	59042.32804	124600	27280	47824.79482	113650	355	8	123965.6085	439737.6214	599900	374000	76596.47703	425000	412	18	374000
603	22704.41176	100000	1500	32488.50247	41700	638	9	95457.64706	211708.2569	1500000	150000	368494.7226	168800	872	17	150502.2936
605	434960.8392	482100	20000	201808.0087	455600	464	8	481800.2331	702476.4835	928200	573000	112291.6068	641400	455	16	573560.4396
606	1000.327062	1001	1000	0.707106781	1000.5	1382	2	1001	12027.2766	22000	4500	6971.307616	9800	47	10	4500
607	66291.38889	71100	50020	10853.61998	61215	426	7	70713.33333	1896428.571	5000000	700000	1856467.075	990000	42	5	726190.4762
608	321977.3698	394895.3052	34108.07512	169735.9847	392036.1502	1255	8	392954.017	718575.1174	1461962.441	608218.7793	240142.379	641718.5446	213	21	608324.8826
609	0	0	0	0	0	0	0	0	218400.8696	699800	147900	222817.2784	179450	115	10	149634.7826
615	3574250	3578000	3569000	4582.575695	3575000	4	3	3578000	0	0	0	0	0	0	0	0
617	3627083.333	3637500	3600000	16789.75382	3630500	6	4	3637500	0	0	0	0	0	0	0	0
620	8286391.089	9175000	0.01	2869798.49	9156000	207	21	9175000	14246449.28	14910000	13890000	430675.1219	14645000	138	12	13894202.9
621	5628088.235	6080000	0.01	1706123.109	6059000	136	14	6080000	13918202.84	29990000	9731000	4061408.683	10700000	705	27	9731000
622	9362021.277	10650000	0.01	2670780.248	8923000	158	23	10650000	14456666.67	17020000	13470000	1319782.653	13925000	63	16	13477301.59
623	9838148.649	12910000	0.01	4647561.25	8100000	74	15	12910000	15645797.1	16980000	15230000	468191.1374	15440000	69	17	15230000
624	9050150.485	10010000	0.01	2323724.492	9520000	219	26	9976669.903	13935000	14750000	13500000	524531.537	13915000	22	4	13537272.73
625	6216285.068	6496000	0.01	1698023.882	6438000	236	23	6496000	12514371.9	14990000	9982000	1772558.173	12825000	121	24	9982338.843
626	7772128.571	10440000	0.01	3028940.243	8234000	153	25	10435714.29	13819198.11	1190000000	10800000	208114672.7	11975000	212	32	10868867.92
627	6523411.765	9853000	0.01	3075273.888	4780000	56	10	9853000	12904375	16500000	10990000	1990961.72	13200000	48	7	10990000
628	6339925	7533000	0.01	2496523.133	7309000	83	15	7533000	10733866.67	10780000	10680000	37161.16765	10710000	75	7	10692000
629	5640473.684	7760000	0.01	2617588.826	7701000	38	9	7758578.947	10362380.95	10890000	8000000	1036909.327	10000000	42	7	8911428.571
630	6726342.105	7797000	0.01	3104737.177	7630000	56	12	7796526.316	13856607.14	14590000	12450000	867525.2158	12495000	56	10	12452857.14
631	5247868.421	6032000	0.01	2379151.969	5948000	87	14	6031789.474	12527785.23	14750000	10800000	1336716.786	12635000	149	18	10921208.05
632	4240581.818	5423000	0.01	2036449.69	5350000	63	17	5423000	15120606.06	17000000	11990000	2282765.866	14000000	33	5	11990000
633	5512294.118	6716000	0.01	2746159.551	4178000	34	5	6716000	9654269.231	10500000	8990000	562236.732	9986000	26	7	8990000
634	7771719.745	8669000	0.01	3057732.126	8610000	171	18	8668783.439	16134404.76	17490000	14900000	823139.3159	16235000	84	16	14960952.38
635	2511500	2521000	0.005	1376803.113	2505000	4	5	2521000	0	0	0	0	0	0	0	0
638	133620000	151400000	0.01	36229642.8	139600000	31	20	151366666.7	183792982.5	349600000	160000000	39927052.07	174400000	57	27	160387719.3
639	95450000	150000000	0.01	63085834.38	83150000	5	5	150000000	189953333.3	349400000	164900000	39621765.68	185400000	30	20	164933333.3
640	98685000	123600000	0.01	36993455.05	81000000	19	12	123600000	162385454.5	289100000	139300000	46896578.41	154700000	55	25	139300000
641	118995142.9	139300000	0.01	41598472.16	128350000	40	24	139257142.9	190527586.2	294900000	174700000	30906892.44	182600000	29	15	174700000
642	135366666.7	145300000	0.01	51488820.79	144050000	19	17	145300000	295420000	1701000000	172000000	608956387.3	185500000	15	6	172000000
643	122530769.2	141600000	0.01	56048781.63	136400000	14	16	141600000	185560000	275400000	166400000	34538400.53	171700000	10	9	166400000
644	109515882.4	133100000	0.01	43004007.97	131000000	19	16	133100000	192916129	398900000	169800000	62542814.75	181600000	31	17	170367741.9
645	100302881.4	130793220.3	0.009491525	45389418.51	104264406.8	16	10	130793220.3	179203389.8	212203389.8	150050847.5	17387618.55	168883050.8	59	31	150050847.5
648	420194.6429	1753000	0.01	704103.8087	250250	56	6	1753000	2946145.833	3000000	2745000	113705.3209	2973000	48	10	2745833.333
649	482355.2632	603400	0.01	255839.9059	426450	181	7	603400	2624177.305	3200000	2287000	289958.3923	2340500	141	18	2287588.652
650	976840.9091	1310000	0.01	494699.7788	1048000	91	12	1310000	2999929.134	3000000	2998000	1000	2999000	381	3	2998790.026
651	706285.4167	1427000	0.01	601996.8018	574300	102	9	1427000	3947336.364	4129000	3750000	101824.6264	3940000	110	11	3900272.727
652	554514.9425	1021000	0.01	421300.028	1003000	87	9	1020919.54	2913094.203	3999000	1999000	559760.7119	2866000	138	11	1999000
653	566208.5714	1217000	0.01	567765.5091	132550	35	4	1217000	2691764.045	2890000	2447000	140366.5419	2700000	89	19	2447550.562
654	1226965.517	1714000	0.01	731667.6684	1010000	54	11	1714000	2851924.242	2950000	2700000	68663.1067	2847500	198	10	2750656.566
655	1917237.089	2162810.277	136600.7999	912184.4376	1338462.451	128	10	2162810.277	2900901.186	2984063.241	2885703.557	48575.73562	2890387.352	253	8	2885703.557
656	1598888.079	2221000	0.01	954469.8153	1823500	180	12	2209973.51	3092927.711	3497000	3054000	109539.9769	3081000	166	18	3056313.253
657	1048964.407	1849000	0.01	748337.7342	1593000	79	12	1849000	2798247.788	2980000	2740000	69435.38527	2784000	113	11	2741292.035
671	0	0	0	0	0	0	0	0	0	0	0	0	0	0	0	0
672	6131.907019	6132	0.01	2740.412047	6127	8163	5	6132	14268.36364	100000	11790	20569.1502	14200	1485	19	11920.57239
683	0	0	0	0	0	0	0	0	3997000	4000000	3975000	14153.91583	3999000	11	3	3975000
684	0	0	0	0	0	0	0	0	3483139.535	3484000	3483000	707.1067812	3483500	86	2	3483000
685	0	0	0	0	0	0	0	0	4374250	4499000	4000000	352846.2838	4249500	8	2	4000000
686	0	0	0	0	0	0	0	0	126357142.9	145000000	121700000	9006590.18	123950000	7	6	121700000
687	0	0	0	0	0	0	0	0	126225000	145200000	104800000	21947873.85	127450000	4	4	104800000
688	1271000	1271000	1271000	0.01	1271000	2	2	1271000	1226500000	1227000000	1226000000	707106.7812	1226500000	2	2	1226000000
689	0	0	0	0	0	0	0	0	3100000	3100000	3100000	0.01	3100000	19	1	3100000
691	0	0	0	0	0	0	0	0	3983793.103	4000000	3980000	10000	3990000	29	3	3980000
692	0	0	0	0	0	0	0	0	116020000	144900000	108700000	18033764.63	108900000	5	4	108700000
693	14110000	14110000	14110000	0.01	14110000	1	1	14110000	1404000000	1410000000	1400000000	5291502.622	1402000000	3	3	1400000000
785	0	0	0	0	0	0	0	0	92720	92720	92720	0.01	92720	1	1	92720
786	0	0	0	0	0	0	0	0	60000	60000	60000	0.01	60000	1	1	60000
788	0	0	0	0	0	0	0	0	6523518.519	10000000	4470000	2467294.125	4491000	27	5	4470000
790	0	0	0	0	0	0	0	0	998900000	998900000	998900000	0.01	998900000	1	1	998900000
803	0	0	0	0	0	0	0	0	0	0	0	0	0	0	0	0
804	0	0	0	0	0	0	0	0	0	0	0	0	0	0	0	0
805	0	0	0	0	0	0	0	0	0	0	0	0	0	0	0	0
806	0	0	0	0	0	0	0	0	0	0	0	0	0	0	0	0
807	0	0	0	0	0	0	0	0	2410750	3645000	1750000	1003688.365	2124000	8	3	1750000
808	0	0	0	0	0	0	0	0	3411666.667	3444000	3250000	137178.7156	3347000	6	2	3250000
809	0	0	0	0	0	0	0	0	2656428.571	2839000	2200000	451841.2332	2519500	14	2	2200000
810	0	0	0	0	0	0	0	0	3719166.667	3980000	3195000	451783.5027	3200000	6	3	3195000
811	25000	25000	25000	0.01	25000	5	1	25000	99966666.67	149900000	50000000	49950008.34	100000000	3	3	50000000
812	100.1	100.1	100.1	0.01	100.1	3	1	100.1	159825000	159900000	159700000	100000	159800000	4	3	159700000
813	0	0	0	0	0	0	0	0	94850000	179900000	9800000	120278863.5	94850000	2	2	9800000
814	15000	15000	15000	0.01	15000	4	1	15000	111378571.4	139900000	99940000	23056496.55	99990000	7	3	99940000
819	0	0	0	0	0	0	0	0	2000000	2000000	2000000	0.01	2000000	1	1	2000000
820	0	0	0	0	0	0	0	0	6000000	6000000	6000000	0.01	6000000	2	1	6000000
821	0	0	0	0	0	0	0	0	0	0	0	0	0	0	0	0
822	0	0	0	0	0	0	0	0	1963589.744	5000000	1180000	2701147.904	3090000	39	2	1180000
823	0	0	0	0	0	0	0	0	4851134.328	6150000	1210000	2139679.836	6000000	134	5	1210000
824	0	0	0	0	0	0	0	0	0	0	0	0	0	0	0	0
825	0	0	0	0	0	0	0	0	0	0	0	0	0	0	0	0
826	0	0	0	0	0	0	0	0	2000000	2000000	2000000	0.01	2000000	32	1	2000000
827	0	0	0	0	0	0	0	0	2320000	2320000	2320000	0.01	2320000	32	1	2320000
828	0	0	0	0	0	0	0	0	2630000	2630000	2630000	0.01	2630000	15	1	2630000
829	0	0	0	0	0	0	0	0	3150000	3150000	3150000	0.01	3150000	16	1	3150000
830	0	0	0	0	0	0	0	0	7350000	7350000	7350000	0.01	7350000	16	1	7350000
831	0	0	0	0	0	0	0	0	9734000	9789000	9700000	51097.94516	9788000	13	3	9700000
832	0	0	0	0	0	0	0	0	13646666.67	13650000	13640000	7071.067812	13645000	24	2	13640000
833	0	0	0	0	0	0	0	0	16787500	16800000	16700000	70710.67812	16750000	16	2	16700000
834	0	0	0	0	0	0	0	0	0	0	0	0	0	0	0	0
835	0	0	0	0	0	0	0	0	0	0	0	0	0	0	0	0
836	0	0	0	0	0	0	0	0	0	0	0	0	0	0	0	0
837	0	0	0	0	0	0	0	0	0	0	0	0	0	0	0	0
838	0	0	0	0	0	0	0	0	149900000	149900000	149900000	0.01	149900000	1	1	149900000
839	0	0	0	0	0	0	0	0	0	0	0	0	0	0	0	0
840	0	0	0	0	0	0	0	0	0	0	0	0	0	0	0	0
841	0	0	0	0	0	0	0	0	0	0	0	0	0	0	0	0
842	0	0	0	0	0	0	0	0	1197500000	1198000000	1197000000	707106.7812	1197500000	2	2	1197000000
843	0	0	0	0	0	0	0	0	0	0	0	0	0	0	0	0
844	0	0	0	0	0	0	0	0	3000000	3000000	3000000	0.01	3000000	8	1	3000000
845	0	0	0	0	0	0	0	0	8801000	8801000	8801000	0.01	8801000	2	1	8801000
846	0	0	0	0	0	0	0	0	13000000	13000000	13000000	0.01	13000000	2	1	13000000
847	0	0	0	0	0	0	0	0	17010000	17010000	17010000	0.01	17010000	2	1	17010000
848	0	0	0	0	0	0	0	0	19010000	19010000	19010000	0.01	19010000	10	1	19010000
879	0	0	0	0	0	0	0	0	0	0	0	0	0	0	0	0
880	0	0	0	0	0	0	0	0	0	0	0	0	0	0	0	0
881	0	0	0	0	0	0	0	0	0	0	0	0	0	0	0	0
882	0	0	0	0	0	0	0	0	0	0	0	0	0	0	0	0
883	0	0	0	0	0	0	0	0	0	0	0	0	0	0	0	0
884	0	0	0	0	0	0	0	0	0	0	0	0	0	0	0	0
885	0	0	0	0	0	0	0	0	0	0	0	0	0	0	0	0
886	0	0	0	0	0	0	0	0	0	0	0	0	0	0	0	0
887	0	0	0	0	0	0	0	0	0	0	0	0	0	0	0	0
888	0	0	0	0	0	0	0	0	900000	900000	900000	0.01	900000	93	1	900000
889	0	0	0	0	0	0	0	0	429600	429600	429600	0.01	429600	13	1	429600
890	0	0	0	0	0	0	0	0	650000	650000	650000	0.01	650000	80	1	650000
891	0	0	0	0	0	0	0	0	650200	650200	650200	0.01	650200	19	1	650200
892	0	0	0	0	0	0	0	0	550100	550100	550100	0.01	550100	16	1	550100
893	0	0	0	0	0	0	0	0	499681.1594	500000	499000	707.1067812	499500	138	2	499000
894	0	0	0	0	0	0	0	0	2528250	4377000	2405000	1394414.572	3391000	16	2	2405000
895	0	0	0	0	0	0	0	0	7250000	8000000	7000000	707106.7812	7500000	12	2	7000000
896	0	0	0	0	0	0	0	0	6928571.429	8000000	5000000	2121320.344	6500000	14	2	5000000
897	0	0	0	0	0	0	0	0	4428571.429	8000000	3000000	3535533.906	5500000	7	2	3000000
898	0	0	0	0	0	0	0	0	2499454.545	2500000	2499000	707.1067812	2499500	11	2	2499000
899	0	0	0	0	0	0	0	0	11105263.16	100000000	5000000	54003086.33	8000000	19	3	5000000
900	0	0	0	0	0	0	0	0	2817904.762	3484000	2499000	524177.737	3441000	21	5	2499047.619
901	0	0	0	0	0	0	0	0	4468590.909	6620000	3999000	1250070.765	4245000	22	4	3999090.909
902	0	0	0	0	0	0	0	0	6059000	6099000	5997000	44958.87009	5999000	20	5	5997000
936	514200	514200	514200	0.01	514200	2	1	514200	3175000	3175000	3175000	0.01	3175000	11	1	3175000
937	0	0	0	0	0	0	0	0	3575000	3575000	3575000	0.01	3575000	15	1	3575000
938	0	0	0	0	0	0	0	0	0	0	0	0	0	0	0	0
939	0	0	0	0	0	0	0	0	4374250	4499000	4000000	352846.2838	4249500	4	2	4000000
940	0	0	0	0	0	0	0	0	4794000	4990000	4500000	346482.3228	4745000	5	2	4500000
941	0	0	0	0	0	0	0	0	4166333.333	4499000	4000000	352846.2838	4249500	3	2	4000000
944	121100	121100	121100	0.01	121100	4	1	121100	3740000	3800000	3700000	70710.67812	3750000	5	2	3700000
945	0	0	0	0	0	0	0	0	3800000	3800000	3800000	0.01	3800000	24	1	3800000
946	0	0	0	0	0	0	0	0	2831000	2831000	2831000	0.01	2831000	1	1	2831000
949	0	0	0	0	0	0	0	0	3912661.017	4100000	3794000	135583.9224	3986000	59	5	3794000
950	750050	1000000	500100	353482.6799	750050	4	2	1000000	3729245.283	4100000	3596000	251172.4175	3598500	53	4	3596000
952	541200	541200	541200	0.01	541200	2	1	541200	4215080	4493000	3999000	278716.5526	4235500	50	4	3999000
954	0	0	0	0	0	0	0	0	4374250	4499000	4000000	352846.2838	4249500	4	2	4000000
955	0	0	0	0	0	0	0	0	4093904.762	4497000	3999000	287232.1941	4000000	42	3	3999000
956	0	0	0	0	0	0	0	0	4163000	4500000	3989000	291902.3809	4000000	3	3	3989000
967	0	0	0	0	0	0	0	0	50000	50000	50000	0.01	50000	1	1	50000
968	0	0	0	0	0	0	0	0	98487500	145500000	89100000	24441828.9	89300000	8	5	89100000
969	7193000	8375000	6011000	1671600.431	7193000	2	2	8375000	99750000	99750000	99750000	0.01	99750000	1	1	99750000
970	8075000	8075000	8075000	0.01	8075000	1	1	8075000	99750000	99750000	99750000	0.01	99750000	3	1	99750000
971	0	0	0	0	0	0	0	0	124000000	145500000	113300000	16028386.28	123950000	5	4	113300000
972	0	0	0	0	0	0	0	0	119866666.7	145500000	107000000	22199174.16	107100000	3	3	107000000
973	8605000	8610000	8600000	7071.067812	8605000	2	2	8610000	99386666.67	99390000	99380000	7071.067812	99385000	3	2	99380000
974	0	0	0	0	0	0	0	0	129175000	143400000	122600000	9813044.04	125350000	4	4	122600000
975	0	0	0	0	0	0	0	0	137000000	145000000	134000000	6082762.53	135000000	4	3	134000000
976	0	0	0	0	0	0	0	0	136860000	145000000	134700000	5069516.742	134950000	5	4	134700000
977	0	0	0	0	0	0	0	0	108270000	145400000	99980000	19098499.42	103000000	8	5	99980000
978	0	0	0	0	0	1	1	0	114875000	142200000	105700000	21044476.71	105800000	4	3	105700000
979	4212000	4212000	4212000	0.01	4212000	2	1	4212000	114525000	145300000	103800000	23760541.52	104500000	4	3	103800000
983	0	0	0	0	0	0	0	0	5177000	5197000	5000000	113450.4297	5196000	20	3	5000000
984	0	0	0	0	0	1	1	0	8965777.778	9500000	8423000	600813.0602	8500000	18	3	8423000
985	100.1	100.1	100.1	0.01	100.1	100	1	100.1	28845000	29950000	27740000	1270183.714	28845000	4	4	27740000
986	0	0	0	0	0	0	0	0	16000000	16000000	16000000	0.01	16000000	1	1	16000000
987	0	0	0	0	0	1	1	0	11995000	12000000	11990000	7071.067812	11995000	4	2	11990000
988	0	0	0	0	0	0	0	0	5396000	6000000	4990000	580258.5631	5000000	5	3	4990000
989	0	0	0	0	0	0	0	0	25500000	25500000	25500000	0.01	25500000	1	1	25500000
990	0	0	0	0	0	2	1	0	25000000	25000000	25000000	0.01	25000000	1	1	25000000
991	0	0	0	0	0	0	0	0	7000000	7000000	7000000	0.01	7000000	1	1	7000000
992	0	0	0	0	0	0	0	0	15305000	24490000	13990000	6059293.138	14000000	8	3	13990000
994	1330000	1330000	1330000	0.01	1330000	2	2	1330000	1305750000	1306000000	1305000000	707106.7812	1305500000	4	2	1305000000
995	1494000	1494000	1494000	0.01	1494000	2	2	1494000	1428666667	1445000000	1420000000	14153915.83	1421000000	3	3	1420000000
996	1301000	1301000	1301000	0.01	1301000	2	1	1301000	1765000000	1765000000	1765000000	0.01	1765000000	1	1	1765000000
997	1568000	1568000	1568000	0.01	1568000	1	1	1568000	1965000000	1965000000	1965000000	0.01	1965000000	1	1	1965000000
998	12060000	12060000	12060000	0.01	12060000	1	1	12060000	1204500000	1205000000	1204000000	707106.7812	1204500000	2	2	1204000000
999	2079000	2079000	2079000	0.01	2079000	3	3	2079000	2012000000	2027000000	2004000000	13000000	2005000000	3	3	2004000000
1002	74555000	74555000	74555000	0.01	74555000	2	2	74555000	0	0	0	0	0	0	0	0
1010	0	0	0	0	0	0	0	0	46995000	48990000	45000000	2821356.057	46995000	4	2	45000000
1026	0	0	0	0	0	0	0	0	87360	86990000	87360	61449446.05	43538680	1	2	87360
1032	0	0	0	0	0	0	0	0	496180	90980000	91160	52242427.86	901200	2	3	91160
1067	0	0	0	0	0	0	0	0	315450000	315900000	315000000	636396.1031	315450000	4	2	315000000
1072	0	0	0	0	0	0	0	0	56995000	63990000	50000000	9892423.869	56995000	4	2	50000000
1074	10	10	10	0.01	10	97	2	10	14990000	14990000	14990000	0.01	14990000	8	1	14990000
1075	0	0	0	0	0	0	0	0	18990000	18990000	18990000	0.01	18990000	4	1	18990000
1076	0	0	0	0	0	0	0	0	0	0	0	0	0	0	0	0
1079	0	0	0	0	0	0	0	0	394000000	394000000	394000000	0.01	394000000	3	1	394000000
1096	0	0	0	0	0	0	0	0	242833333.3	242900000	242800000	70710.67812	242850000	9	2	242800000
1099	0	0	0	0	0	0	0	0	199900000	199900000	199900000	0.01	199900000	2	1	199900000
1100	0	0	0	0	0	0	0	0	499900000	499900000	499900000	0.01	499900000	2	1	499900000
1102	1000	1000	1000	0.01	1000	8	1	1000	2056807.273	223900000	224880	128561124	2240000	11	3	224880
1105	0	0	0	0	0	0	0	0	243421.0526	250000	125000	88388.34765	187500	19	2	125000
1106	0	0	0	0	0	0	0	0	0	0	0	0	0	0	0	0
1109	0	0	0	0	0	0	0	0	198900000	198900000	198900000	0.01	198900000	3	1	198900000
1112	0	0	0	0	0	0	0	0	2000000	2000000	2000000	0.01	2000000	1	1	2000000
1113	0	0	0	0	0	0	0	0	120000	120000	120000	0.01	120000	43	1	120000
1114	0	0	0	0	0	0	0	0	180000	180000	180000	0.01	180000	46	1	180000
1115	0	0	0	0	0	0	0	0	5502470.588	5551000	5447000	59757.84467	5448000	68	3	5447000
1116	0	0	0	0	0	0	0	0	5431818.182	14500000	1200000	9404520.19	7850000	22	2	1200000
1117	0	0	0	0	0	0	0	0	1700000	1700000	1700000	0.01	1700000	19	1	1700000
1118	0	0	0	0	0	0	0	0	1300000	1300000	1300000	0.01	1300000	19	1	1300000
1119	0	0	0	0	0	0	0	0	2310000	2310000	2310000	0.01	2310000	19	1	2310000
1120	0	0	0	0	0	0	0	0	2000000	2000000	2000000	0.01	2000000	18	1	2000000
1121	0	0	0	0	0	0	0	0	2650000	2650000	2650000	0.01	2650000	50	1	2650000
1122	0	0	0	0	0	0	0	0	7350000	7350000	7350000	0.01	7350000	6	1	7350000
1123	0	0	0	0	0	0	0	0	3150000	3150000	3150000	0.01	3150000	20	1	3150000
1124	0	0	0	0	0	0	0	0	13650000	13650000	13650000	0.01	13650000	8	1	13650000
1125	0	0	0	0	0	0	0	0	16800000	16800000	16800000	0.01	16800000	5	1	16800000
1126	0	0	0	0	0	0	0	0	10500000	10500000	10500000	0.01	10500000	6	1	10500000
1128	0	0	0	0	0	0	0	0	0	0	0	0	0	0	0	0
1129	0	0	0	0	0	0	0	0	209974000	749900000	74990000	389656583.5	75000000	10	3	74990000
1130	0	0	0	0	0	0	0	0	20000	20000	20000	0.01	20000	1	1	20000
1131	0	0	0	0	0	0	0	0	30000	30000	30000	0.01	30000	1	1	30000
1132	0	0	0	0	0	0	0	0	40000	40000	40000	0.01	40000	1	1	40000
1133	0	0	0	0	0	0	0	0	50000	50000	50000	0.01	50000	1	1	50000
1134	0	0	0	0	0	0	0	0	60000	60000	60000	0.01	60000	1	1	60000
1135	0	0	0	0	0	0	0	0	70000	70000	70000	0.01	70000	1	1	70000
1136	0	0	0	0	0	0	0	0	80000	80000	80000	0.01	80000	1	1	80000
1137	0	0	0	0	0	0	0	0	100000	100000	100000	0.01	100000	1	1	100000
1138	0	0	0	0	0	0	0	0	80000	80000	80000	0.01	80000	1	1	80000
1139	0	0	0	0	0	0	0	0	110000	110000	110000	0.01	110000	1	1	110000
1140	0	0	0	0	0	0	0	0	150000	150000	150000	0.01	150000	2	1	150000
1141	0	0	0	0	0	0	0	0	175000	175000	175000	0.01	175000	1	1	175000
1142	0	0	0	0	0	0	0	0	225000	225000	225000	0.01	225000	2	1	225000
1143	0	0	0	0	0	0	0	0	275000	275000	275000	0.01	275000	2	1	275000
1144	0	0	0	0	0	0	0	0	937000	1090000	325000	540936.6876	707500	10	2	325000
1145	0	0	0	0	0	0	0	0	400000	400000	400000	0.01	400000	2	1	400000
1146	0	0	0	0	0	0	0	0	200000	200000	200000	0.01	200000	1	1	200000
1147	0	0	0	0	0	0	0	0	300000	300000	300000	0.01	300000	2	1	300000
1148	0	0	0	0	0	0	0	0	400000	400000	400000	0.01	400000	2	1	400000
1149	0	0	0	0	0	0	0	0	500000	500000	500000	0.01	500000	2	1	500000
1150	0	0	0	0	0	0	0	0	600000	600000	600000	0.01	600000	2	1	600000
1151	0	0	0	0	0	0	0	0	1318333.333	1495000	700000	562149.891	1097500	9	2	700000
1152	0	0	0	0	0	0	0	0	800000	800000	800000	0.01	800000	2	1	800000
1153	0	0	0	0	0	0	0	0	1000000	1000000	1000000	0.01	1000000	2	1	1000000
1154	0	0	0	0	0	0	0	0	29990000	29990000	29990000	0.01	29990000	4	1	29990000
1155	2500	2500	2500	0.01	2500	10	1	2500	19990000	19990000	19990000	0.01	19990000	5	1	19990000
1156	0	0	0	0	0	0	0	0	9999000	9999000	9999000	0.01	9999000	10	1	9999000
1157	125	125	125	0.01	125	20	1	125	5361935.484	12480000	5000000	5289158.723	8740000	62	2	5000000
1158	0	0	0	0	0	0	0	0	1390000	1390000	1390000	0.01	1390000	13	1	1390000
1159	0	0	0	0	0	0	0	0	20192000	24990000	1000000	16963491.68	12995000	5	2	1000000
1160	0	0	0	0	0	0	0	0	34990000	34990000	34990000	0.01	34990000	6	1	34990000
1161	2500	2500	2500	0.01	2500	18	1	2500	9238148.148	39990000	3890000	25526554.8	21940000	27	2	3890000
1162	0	0	0	0	0	0	0	0	801543.75	898200	690000	117424.0748	700000	32	3	690000
1163	0	0	0	0	0	0	0	0	698546.6667	698600	698500	70.71067812	698550	30	2	698500
1164	0	0	0	0	0	0	0	0	386751.2195	497600	300000	139724.3	398800	41	2	300000
1165	0	0	0	0	0	0	0	0	1800000	1800000	1800000	0.01	1800000	12	1	1800000
1166	0	0	0	0	0	0	0	0	431567.6471	440000	428900	6379.916405	429000	34	3	428900
1167	0	0	0	0	0	0	0	0	747886.9565	747900	747800	70.71067812	747850	23	2	747800
1168	0	0	0	0	0	0	0	0	799582.8571	948400	674000	158137.0292	675000	35	3	674000
1169	627.5	627.5	627.5	0.005	627.5	20	1	627.5	0	0	0	0	0	0	0	0
1170	0	0	0	0	0	0	0	0	4000000	4000000	4000000	0.01	4000000	12	1	4000000
1171	0	0	0	0	0	0	0	0	2799000	2799000	2799000	0.01	2799000	13	1	2799000
1172	0	0	0	0	0	0	0	0	1400000	1400000	1400000	0.01	1400000	32	1	1400000
1173	0	0	0	0	0	0	0	0	0	0	0	0	0	0	0	0
1174	0	0	0	0	0	0	0	0	2500000	2500000	2500000	0.01	2500000	9	1	2500000
1175	0	0	0	0	0	0	0	0	3476666.667	3500000	3400000	70710.67812	3450000	30	2	3400000
1176	0	0	0	0	0	0	0	0	4500000	4500000	4500000	0.01	4500000	12	1	4500000
1177	0	0	0	0	0	0	0	0	5958375	5960000	5947000	9192.388155	5953500	16	2	5947000
1178	0	0	0	0	0	0	0	0	500000	500000	500000	0.01	500000	3	1	500000
1179	0	0	0	0	0	0	0	0	0	0	0	0	0	0	0	0
1182	10020.754	10020.754	89.76635187	7022.268793	5055.260175	71	3	10020.754	23561.64509	25046.12338	22477.82178	1255.918223	24639.55826	1313	8	22480.12186
1183	223734.5912	377000	160000	98324.06954	323350	477	12	376912.5786	474498.8769	4141000	417100	658476.6409	456700	2493	31	417198.6362
1185	5047.320425	5116	5000	49.08869524	5105	1601	5	5097.357901	25456.15743	39970	19920	6406.256648	29135	2147	12	19924.73218
1186	0	0	0	0	0	0	0	0	0	0	0	0	0	0	0	0
1190	171200	171200	171200	0.01	171200	140	1	171200	916770.4918	979500	899900	40657.47984	978050	61	6	899900
1192	2973.333333	2973.333333	2973.333333	0.000952381	2973.333333	94	1	2973.333333	24224761.9	24320476.19	23886190.48	229013.809	24293333.33	21	6	23886190.48
1193	0	0	0	0	0	0	0	0	19801875	23770000	4500000	7681625.479	20610000	16	5	4500000
1195	4984.037531	10100	1501	3512.454543	6002	4050	4	7703.081481	57182.03209	57980	56850	479.9683769	56925	561	8	56867.86096
1196	0	0	0	0	0	0	0	0	9522222.222	229900000	600000	110845435.5	13687500	9	4	600000
1197	1018	1018	1018	0.01	1018	319	1	1018	27680.5618	27850	27630	102.3067284	27660	89	4	27630
1198	100031.8182	100100	100000	70.71067812	100050	22	2	100100	329365.3992	344000	320000	8248.877157	325900	263	13	320063.1179
1201	23703.09426	27290	3000	12118.52679	27210	3322	5	27280.57377	82491.83412	134800	73800	14569.52715	95980	2737	21	73845.19547
1202	1050.937876	1053	1031	12.42309677	1052	998	3	1053	7797	7797	7797	0.01	7797	2819	1	7797
1204	0	0	0	0	0	0	0	0	495000	49990000	495000	34998250.13	25242500	5	2	495000
1208	0	0	0	0	0	0	0	0	29990000	29990000	29990000	0.01	29990000	4	1	29990000
1210	5000	5000	5000	0.005	5000	8	1	5000	0	0	0	0	0	0	0	0
1214	0	0	0	0	0	0	0	0	0	0	0	0	0	0	0	0
1216	0	0	0	0	0	0	0	0	0	0	0	0	0	0	0	0
1218	0	0	0	0	0	0	0	0	1874650	2000000	1498600	354543.3401	1749300	12	2	1498600
1220	0	0	0	0	0	0	0	0	45000	45000	45000	0.01	45000	1	1	45000
1221	0	0	0	0	0	0	0	0	9000000	9000000	9000000	0.01	9000000	1	1	9000000
1223	2.856891807	5	0.02	2.507349198	2	365596	5	5	1902	1902	1902	0.01	1902	3	1	1902
1224	16.96518226	27.2	1	12.02921776	8.36	5034410	7	27.2	42.14127772	53	32.47	7.336134882	37.74	2971452	9	32.47
1225	3365.724122	3455	3309	103.2425901	3382	36646	3	3455	0	0	0	0	0	0	0	0
1226	57.47182164	158.95	1.31	78.13501869	153.6275	1677995	10	158.9457425	0	0	0	0	0	0	0	0
1227	42.19485085	77.06	1	32.64339769	76	7636023	12	77.06	120.2895686	125	120	2.12289111	121.5	1073653	4	120
1228	15.7414748	20.4	1	7.105248563	16	21483656	9	20.4	22.44278611	25	22	1.38312147	22.395	2346412	4	22
1229	1075.194895	1834	1	799.0780881	1362	2148255942	10	1833.170945	2062.817978	2200	2000	141.4213562	2100	7587	2	2000
1230	9.758516086	10.27	2.01	2.417661154	9.74	45409137	14	10.27	12.54266343	20	11.97	4.490950159	12.5	5201548	3	12.46694599
1231	711.062428	711.1	2.26	409.2056661	356.655	137771	7	711.1	1097.004037	1900	910.1	376.9017909	1000.05	104606	8	910.1
1232	295.1527034	2400.5	0.505	1325.061253	50.25	341497	8	2400.327316	0	0	0	0	0	0	0	0
1236	229085.9918	356000	81480	93581.93044	268900	1324	23	355704.918	843933.9357	889900000	356100	125734507.7	821600	2269	50	589268.929
1240	100029.4118	100100	100000	70.71067812	100050	34	2	100100	42775294.12	47000000	29890000	9254699.887	30000000	17	5	29890000
1242	132171.4286	132400	131600	565.6854249	132000	14	2	132400	3260125	3481000	3200000	142432.4401	3300000	8	3	3200000
1244	10671.57153	21210	4777	11619.88574	12993.5	1583	3	21210	78813.03762	84830	59630	10145.72537	62350	2818	24	59639.9929
1245	0	0	0	0	0	0	0	0	248900000	248900000	248900000	0.01	248900000	1	1	248900000
1246	5117.671329	5121	5114	4.949747468	5117.5	143	2	5121	43157.35849	45360	42920	1300.256385	44120	159	6	42920
1247	1000	1000	1000	0.01	1000	18	1	1000	3999500	4000000	3999000	707.1067812	3999500	2	2	3999000
1248	222752.1728	547700	82540	216489.4056	351200	795	14	547615.1207	2514303.255	69990000	709400	11360158.82	735300	1229	37	709475.5899
1254	1	1	1	0.01	1	96	1	1	19947.85185	20000	19830	92.91573243	19850	270	3	19830
1255	0	0	0	0	0	0	0	0	1731707.317	6000000	1000000	3535533.906	3500000	82	2	1000000
1256	301900	301900	301900	0.01	301900	21	1	301900	587900.6135	810500	491100	145197.8266	549900	326	14	491156.4417
1262	0	0	0	0	0	0	0	0	32437692.31	32900000	29990000	1671453.958	31440000	13	4	29990000
1264	604.7962567	605.8	603.9	0.953939201	605	2618	3	605.8	17956.60194	17990	17950	28.28427125	17970	206	2	17950
1265	0	0	0	0	0	0	0	0	49990000	49990000	49990000	0.01	49990000	4	1	49990000
1266	81893.18182	82850	81370	626.4716008	82330	154	8	82850	1067183.867	2028000	958300	334935.9342	989900	1469	25	958300
1272	0	0	0	0	0	0	0	0	89011666.67	92750000	47900000	25891273.3	92740000	12	3	47900000
1274	2007	2007	2007	0.01	2007	96	1	2007	38967.95201	39500	38890	349.3326972	38900	1167	3	38890
1275	0	0	0	0	0	0	0	0	49960000	49960000	49960000	0.01	49960000	4	1	49960000
1276	82024.50382	82570	81250	612.2839755	82405	178	6	82570	695772.5446	871500	489700	156525.9402	740000	448	16	489700
1282	0	0	0	0	0	0	0	0	38500000	38500000	38500000	0.01	38500000	10	1	38500000
1284	1216	1216	1216	0.01	1216	446	1	1216	24997.86667	25000	24990	7.071067812	24995	75	2	24990
1285	0	0	0	0	0	0	0	0	49976666.67	49980000	49970000	7071.067812	49975000	6	2	49970000
1286	51879.42029	51900	51820	40.41451884	51870	69	3	51900	883976.5625	179900000	799000	69384537.6	849400	128	10	799431.25
1292	0	0	0	0	0	0	0	0	44500000	44500000	44500000	0.01	44500000	5	1	44500000
1294	100	100	100	0.01	100	1000	1	100	11780.45267	11870	11700	120.2081528	11785	243	2	11700
1295	0	0	0	0	0	0	0	0	494783.3333	49990000	494700	28576095.91	494800	6	3	494700
1296	171298.7013	173000	168800	1717.313794	171050	166	6	173000	634258.8415	648100	615900	11299.03072	620800	328	7	616087.8049
1302	0	0	0	0	0	0	0	0	45232500	48500000	28890000	11318953.13	28900000	12	3	28890000
1304	528.4466088	540	2.16	265.9539263	528.5	12677	10	539.7342068	24956.05187	29990	18880	4282.616023	20000	2082	9	18887.0317
1305	0	0	0	0	0	0	0	0	73990000	73990000	73990000	0.01	73990000	9	1	73990000
1306	120852.3799	160200	201	58928.75214	101200	458	9	160200	265404.9565	297500	256800	15592.08826	259900	1150	19	256880.8696
1315	66374.45887	71600	48590.47619	11845.23543	71566.66667	66	6	71600	59624285.71	92166666.67	30090476.19	27106498.72	41185714.29	21	13	30090476.19
1317	958.49247	1033	100	360.2757496	1010	22095	9	1033	5469.312955	14900	3600	2508.681262	7770	8522	23	3600
1318	0	0	0	0	0	0	0	0	53000	16490000	53000	11622714.16	8271500	23	2	53000
1319	202824.8857	248520.0913	39995.43379	67912.37034	211598.8584	4204	13	224662.1687	320717.0151	502685.8447	302205.4795	42101.83776	320621.0046	4161	38	302795.7702
1333	2125.557904	2141	2100	15.57455189	2133	6005	7	2140.29991	56128.45802	172900	27930	61461.7347	51825	2406	10	27930
1334	0	0	0	0	0	0	0	0	124900000	124900000	124900000	0.01	124900000	3	1	124900000
1335	157812.7926	180700	75000	36632.05469	161500	598	13	180673.5786	263404.1197	1413000	217100	218593.8105	241100	2039	29	217853.899
1351	28.06451613	28.06451613	28.06451613	0.009354839	28.06451613	40	1	28.06451613	26541935.48	29557741.94	24655806.45	2648663.62	24777419.35	31	6	24655806.45
1353	3164.535912	3318	3132	106.8144809	3316	1086	3	3316.110497	29493.8447	29500	29490	7.071067812	29495	528	2	29490
1354	0	0	0	0	0	0	0	0	1000000	1000000	1000000	0.01	1000000	1	1	1000000
1355	435608.9888	466800	172000	125509.8283	450100	89	5	466800	570320	1400000	466900	243229.1215	542400	405	15	529686.4198
1401	4104545.455	4104545.455	4104545.455	0.009545455	4104545.455	5	1	4104545.455	27136363.64	27374545.45	27011818.18	170998.6774	27045227.27	22	5	27011818.18
1403	3062.631595	3070	2500	249.0566201	3064	3369	8	3070	14621.4986	140000	14140	37109.70488	15000	13933	11	14140
1404	10000	10000	10000	0.01	10000	9	1	10000	49990000	49990000	49990000	0.01	49990000	2	1	49990000
1405	271772.7562	287727.6199	93123.46203	60582.55177	286036.2749	2876	19	287727.6199	442875.2227	3746948.239	379579.9745	626348.4436	451909.843	2357	29	379676.9198
1419	1004714.286	1005000	1004000	707.1067812	1004500	14	2	1005000	34137619.05	44830000	19850000	12878992.84	19915000	21	6	19850476.19
1422	390356.5	399900	368300	14021.22201	392650	200	6	399900	637790.0208	794600	542000	75467.83543	551050	481	20	542041.7879
1436	297149.0385	600100	111100	230010.8745	300000	416	7	600100	830259.2105	1043000	799400	79397.49786	810000	760	15	799418.4211
1445	11500	11500	11500	0.01	11500	4978	1	11500	200000	189900000	200000	134138156.4	95050000	41	2	200000
1446	0	0	0	0	0	0	0	0	7000000	7000000	7000000	0.01	7000000	10	1	7000000
1447	306032.2751	339000	163600	62228.12486	305700	378	7	339000	436843.2271	542200	419100	46399.90864	477000	1506	32	419453.7849
1537	198776.1962	306392.3077	169738.4615	78872.71985	306307.6923	127	3	306374.3186	10906153.85	12283076.92	9761538.462	1424513.258	11051923.08	13	5	9761538.462
1539	9278.354333	9284.763705	9072.568998	98.30973329	9281.775047	3401	5	9283.937379	53099.28544	89865.02836	46031.37996	10376.25738	53986.19093	2645	23	47955.84121
1540	0	0	0	0	0	0	0	0	5799000	7000000	990000	3466991.972	1000000	10	3	990000
1541	447688.3178	668000	155000	252972.4177	600750	214	8	667928.0374	908283.3037	973000	882800	29802.93228	894250	563	12	883367.8508
1547	10060.90992	10070	10060	7.071067812	10065	1099	2	10070	213186.4865	216200	211900	2121.791696	215000	148	5	211900
1548	0	0	0	0	0	0	0	0	0	0	0	0	0	0	0	0
1549	128000	128000	128000	0.01	128000	14	1	128000	2539996.701	2898000	2000000	366931.6013	2540000	1819	5	2524387.026
1551	10000	10000	10000	0.01	10000	36	1	10000	739295.0413	740000	738700	596.5176723	738900	121	4	738700
1552	0	0	0	0	0	0	0	0	0	0	0	0	0	0	0	0
1553	128308.3333	128600	128100	353.5533906	128350	48	2	128600	2306212.851	2355000	2305000	19057.8068	2310000	996	6	2305919.679
1557	999	999	999	0.01	999	99	1	999	482478.9474	482500	482400	70.71067812	482450	19	2	482400
1558	0	0	0	0	0	0	0	0	0	0	0	0	0	0	0	0
1559	112148.7805	112500	111600	636.3961031	112050	41	2	112500	3003325.853	3195000	3000000	137885.8223	3097500	1114	2	3000000
1563	1052.584211	1100	1001	70.00357134	1050.5	190	2	1100	250000	250000	250000	0.01	250000	14	1	250000
1564	0	0	0	0	0	0	0	0	0	0	0	0	0	0	0	0
1565	260466.6667	261600	254000	4006.66112	260000	18	3	261600	1997158.559	2300000	1985000	139224.6386	1989000	2138	5	1985000
1798	25737692.31	25830000	25580000	97039.51085	25755000	13	6	25830000	85807500	99110000	83570000	5398930.45	83655000	8	8	83570000
1800	427538.8889	427550	427300	132.2875656	427500	63	3	427550	0	0	0	0	0	0	0	0
1802	0	0	0	0	0	0	0	0	27770000	27770000	27770000	0.01	27770000	1	1	27770000
1804	563100	563100	563100	0.01	563100	3	1	563100	34880000	34900000	34870000	15275.25232	34880000	13	3	34870000
1808	33103.69325	35060	16000	9956.309557	35000	1012	6	35060	75626.2716	94990	69960	9192.458026	87950	2025	17	69960
1809	0	0	0	0	0	0	0	0	146425000	186900000	25000000	114480587.9	105950000	4	2	25000000
1810	2.712090174	7	0.01	3.297234953	1.01	3448875	4	7	34.59263141	75	18	18.22018897	19.98	3862042	9	18.04700166
1811	0	0	0	0	0	0	0	0	0	0	0	0	0	0	0	0
1814	2.180250899	7	0.01	3.277122722	1.055	3439478	4	7	40.50192388	75	14	21.75002529	19.95	2670327	7	14
1815	0	0	0	0	0	0	0	0	0	0	0	0	0	0	0	0
1816	2.908678982	5	0.01	2.355509499	1.01	1434500	4	5	49.76017708	75	17.98	20.66520171	19.8	1863811	7	17.98
1817	0	0	0	0	0	0	0	0	0	0	0	0	0	0	0	0
1818	63.56449722	70	0.01	33.83177648	50.42	1569400	6	70	130.2580885	1898	102	538.6450093	107.6	4070707	11	102
1819	0	0	0	0	0	0	0	0	0	0	0	0	0	0	0	0
1820	32.1352008	50	0.01	24.99500017	25	699700	3	50	106.0436043	177.7	98	26.39561652	113.95	998021	8	98
1821	0	0	0	0	0	0	0	0	0	0	0	0	0	0	0	0
1822	22.44567307	50	0.01	24.27567558	2.51	2449706	4	50	130.5258087	199900	114	89341.67195	134.9	1597912	5	114
1823	0	0	0	0	0	0	0	0	0	0	0	0	0	0	0	0
1824	19.18073948	35	0.01	16.51338119	5.01	790176	4	35	108.7622426	200	89.98	43.51863228	92.97	1310519	10	89.98
1825	0	0	0	0	0	0	0	0	0	0	0	0	0	0	0	0
1826	82.77567497	201	0.01	103.3577849	125	1277655	4	201	293.0027476	310	274	12.86767051	280	4964394	9	274.0622542
1827	0	0	0	0	0	0	0	0	0	0	0	0	0	0	0	0
1828	119.7419937	215	0.01	83.60639061	187.6	623008	6	215	352.5478167	539.9	289	89.21121068	351.35	1062444	10	289
1829	0	0	0	0	0	0	0	0	0	0	0	0	0	0	0	0
1830	73.99828154	195	0.01	100.3418262	25	702955	5	195	261.1520288	291.9	255	10.52723452	262.35	719230	10	255
1831	0	0	0	0	0	0	0	0	0	0	0	0	0	0	0	0
1832	75.66008801	125	0.01	59.10262339	25.51	899800	5	125	273.571545	362.9	259.8	37.21705958	264	423918	7	259.8
1833	0	0	0	0	0	0	0	0	0	0	0	0	0	0	0	0
1855	377800	377800	377800	0.01	377800	4	1	377800	1132553.899	1561000	949000	182613.9157	1067000	872	18	968871.5596
1875	2626.577788	2641	2610	14.76482306	2638.5	3241	5	2640.088145	62289.14536	189900000	39360	43549875.65	47940	2855	19	39519.01926
1876	0	0	0	0	0	0	0	0	89990000	89990000	89990000	0.01	89990000	3	1	89990000
1877	522315.2401	692200	175000	251855.9271	596450	479	6	692200	1007060.39	1226000	799900	124875.7711	997750	1641	18	799900
1893	0	0	0	0	0	0	0	0	25160000	29970000	22940000	4970960.672	26455000	19	2	22940000
1944	850843.0769	1105000	0.01	398133.5432	1068500	93	11	1105000	2564303.738	2935000	2247000	293535.0733	2402000	214	8	2247000
1945	0	0	0	0	0	0	0	0	6990000	6990000	6990000	0.01	6990000	1	1	6990000
1948	0	0	0	0	0	0	0	0	95000	95000	95000	0.01	95000	105	1	95000
1949	0	0	0	0	0	0	0	0	362944.2623	388000	350000	12912.62948	359850	61	6	356519.6721
1951	0	0	0	0	0	0	0	0	38950000	39850000	29950000	7000357.134	34900000	11	2	29950000
1952	615037.037	711600	100000	280782.5509	702600	1242	11	711600	1080058.116	1177000	1062000	43015.85331	1070000	499	11	1062000
1955	1432.500673	1439	1350	41.57723736	1425.5	1486	4	1439	435833.3333	440000	435000	3535.533906	437500	12	2	435000
1956	3031.544018	3032	3000	18.1934054	3031	1329	3	3032	146616.6667	149900	145000	2800.595175	149800	12	3	145000
1957	1246.004836	1247	1237	5.291502622	1245	2068	3	1247	95474.94898	114900	89850	9515.256521	93750	196	6	89855.91837
1958	10667.58706	10750	10420	187.705443	10740	402	3	10750	89882.21106	189900	63960	43429.76818	66750	199	8	63960.95477
1963	501.6376812	502	500	1.414213562	501	552	2	502	158550.1832	210500	124500	36931.69371	207000	546	9	124500
1964	152364.2105	688000	17400	352953.3822	418800	190	4	688000	3706341.176	4999000	2961000	726116.0736	3400000	255	15	3044784.314
1968	13432.03774	14100	13000	563.1089297	13685	530	4	14100	223891.7603	224100	221900	1009.455299	223450	267	6	221900
1969	334475.6579	674900	17430	279886.9937	669850	159	7	674900	1684376.812	2037000	1397000	223329.8863	1728000	207	15	1397000
1973	6368.419119	15020	1005	6223.250453	1116	7559	6	15020	31915.8686	104000	22000	24298.70616	27490	898	10	24576.16927
1977	1761.33014	1773	1758	6.099180273	1770	1357	5	1772.250553	12067.78548	17850	11630	2050.951676	11680	4326	9	11670.15257
1978	949943.6508	1058000	556000	166703.4376	800800	126	9	1057317.46	1332776.999	2089000	1248000	189833.6384	1292000	1426	23	1248625.526
1986	1369.133146	2234	1000	709.29613	2223	1427	3	2234	44331.78723	59960	43410	6637.289859	43750	940	6	43410
1987	521990.7407	523100	519700	1625.576821	522850	54	4	523100	777259.9562	990000	688000	128704.791	700000	457	19	688635.4486
1998	1777	1777	1777	0.01	1777	46	1	1777	19959.17695	27000	19920	3159.583833	19940	243	5	19928.35391
1999	398315.2439	670600	206100	189324.1955	670200	164	6	670597.561	919551.6791	1050000	895400	39683.87636	936000	536	22	895580.597
2006	6159447.368	9754000	0.01	3424721.608	8750000	38	13	9754000	13661838.24	25000000	11000000	3584751.17	11340000	136	15	11083823.53
2007	8275000	8275000	8275000	0.01	8275000	1	1	8275000	99213333.33	99230000	99200000	15275.25232	99210000	3	3	99200000
2018	0	0	0	0	0	0	0	0	72314.69866	79040	62400	7195.296612	63670	896	16	62673.52679
2019	0	0	0	0	0	0	0	0	0	0	0	0	0	0	0	0
2020	119792.0896	125100	0.01	43199.551	80020	804	7	125100	293735.8796	295100	290600	1647.29215	293200	432	8	290611.1111
2021	0	0	0	0	0	0	0	0	0	0	0	0	0	0	0	0
2024	502375.1111	992100	300000	299474.8609	777600	238	14	990993.3333	1754471.731	2000000	1584000	164029.1336	1796000	566	25	1584915.194
2032	161950.5376	255200	130000	59423.66953	138200	279	9	255107.1685	500565.6863	700000	463400	60634.41937	500000	1734	32	463801.7301
2038	298439.823	559400	126000	171777.5718	457300	704	12	559182.3009	892659.9068	1002000	699200	115125.2973	728100	1287	23	699313.1313
2046	2642.675313	2782	2086	240.3446055	2622	49085	22	2779.889517	15571.22661	200000	7900	72385.96085	8500	3698	7	7900
2047	0	0	0	0	0	0	0	0	49990000	49990000	49990000	0.01	49990000	13	1	49990000
2048	274671.7502	302700	100000	60422.7245	301700	12224	12	302408.0831	472013.3456	973200	384700	102625.4007	397800	7628	43	384798.5317
2050	192532000	221100000	0.01	102944773.2	220200000	7	7	221100000	371129411.8	461300000	293500000	62850424.8	345000000	17	13	293500000
2054	0	0	0	0	0	0	0	0	448800000	448800000	448800000	0.01	448800000	1	1	448800000
2055	0	0	0	0	0	0	0	0	299000000	299000000	299000000	0.01	299000000	1	1	299000000
2056	0	0	0	0	0	0	0	0	592900000	592900000	592900000	0.01	592900000	1	1	592900000
2057	0	0	0	0	0	0	0	0	795900000	795900000	795900000	0.01	795900000	1	1	795900000
2073	0.649918634	1.82	0.08	0.770629381	1.16	2402149043	9	1.82	3.374828605	10.48	2.09	1.904344821	3.11	159042849	30	2.09
2078	156333333.3	165800000	0.01	72992680.64	151300000	7	9	165800000	290977777.8	398700000	269800000	46705974.94	273800000	9	7	269800000
2082	153540000	176000000	100000	76311028.04	175800000	7	6	176000000	244542857.1	249000000	241900000	2177646.174	243950000	21	8	241947619
2103	25000	25000	25000	0.01	25000	41	1	25000	161120	170000	94840	35790.32452	140000	373	11	94841.42091
2104	210087.4251	378000	110100	146279.0245	111100	167	5	378000	1409840.415	5001000	839900	1187695.188	906350	386	12	841067.8756
2108	29453.73351	31230	5405	11224.45878	30100	615	6	31230	125608.5586	131900	124700	3535.533906	124900	444	4	124727.9279
2109	417351.3889	820400	146200	388759.733	818700	91	4	820400	1485397.59	1866000	1335000	205658.5628	1348000	332	9	1335000
2117	899976.9231	989500	1	334664.6191	919850	65	8	989500	1643793.651	1696000	1640000	32046.84072	1641000	63	3	1640000
2161	95353.37915	150000	40200	41887.56492	50000	873	7	150000	328745.2899	999800	209000	298891.1787	300000	276	11	209684.058
2162	590000	590000	590000	0.01	590000	2	1	590000	3261500	3270000	3258000	6658.328118	3259000	26	3	3258000
2173	9602.474731	15400	600	5317.727815	9321	7168	10	10935.74689	61127.38827	89000	44980	15815.01588	55300	6444	20	44998.97579
2174	0	0	0	0	0	0	0	0	0	0	0	0	0	0	0	0
2175	441582.8571	700500	283500	202994.105	580200	230	5	700500	1011551.448	86480000	805000	14668574.61	832200	2210	34	805055.2036
2178	4.27	4.27	0.005	3.015810422	2.1375	974307	2	4.27	0	0	0	0	0	0	0	0
2180	3.935	3.935	0.005	2.77892965	1.97	965324	2	3.935	0	0	0	0	0	0	0	0
2182	0.01	0.01	0.01	0.01	0.01	10000000	1	0.01	71737.46184	74980	70000	3521.39177	72490	2293	2	70000
2183	12033.89384	15110	28	4703.653625	11275	3165	8	15110	22815.59818	44900	21900	7589.274729	22375	3962	12	21900
2184	0	0	0	0	0	0	0	0	0	0	0	0	0	0	0	0
2185	639418.699	685019.1194	21697.26767	195690.7351	655544.0324	1939	20	685019.1194	908053.7273	1165243.337	823042.4102	88306.07305	829130.7068	2589	24	823042.4102
2188	1.935	1.935	0.005	1.364716088	0.97	965322	2	1.935	0	0	0	0	0	0	0	0
2193	27827.64228	65100	5003	23327.03039	39040	3690	12	57006.82927	119980.315	120000	115000	3535.533906	117500	254	2	119606.2992
2194	0	0	0	0	0	0	0	0	6600000	6600000	6600000	0.01	6600000	25	1	6600000
2195	1131697.297	1204000	225000	297834.6399	1199000	370	11	1204000	1863244.451	6481000	1500000	849750.3784	1730000	3379	32	1500000
2203	1025.05719	1259	100	397.7178997	1100	7816	9	1258.67042	4423.964533	34230	3100	8939.86708	3993	12547	15	3100
2204	25000	25000	25000	0.01	25000	4	1	25000	800000	800000	800000	0.01	800000	35	1	800000
2205	268530.3303	298400	3294	85110.21128	255500	1320	12	298400	377346.0885	3458000	325000	588203.2533	363600	10239	52	325000
2254	41950.66667	43500	41000	1085.9558	43460	435	7	43500	118661.3445	143700	112700	11876.64776	114000	595	7	112700
2267	2.56366584	2.91	0.02	1.206036898	2.78	2265349534	10	2.907016262	5.865139696	7.89	4.99	1.076437376	6.25	233336555	12	4.99929103
2268	1.913075445	2.18	0.02	0.961691219	2.06	2239662856	9	2.18	4.869091491	9.87	3.5	1.68907808	3.95	53567820	21	3.5187463
2270	1.630219747	4.03	0.07	1.346515242	2.945	2412583921	15	4.03	6.15141629	9	4.98	1.450174702	7.125	330945212	16	4.988515336
2272	0.957511309	2.165995754	0.019333315	0.951107985	1.904662935	2250402304	10	2.158898517	6.815587262	7.737326366	4.367999669	1.180559417	5.786663542	29556355	15	4.367999669
2281	1530937.627	1769268.657	26373.13433	747903.4382	1599583.899	596	19	1769268.657	2160212.573	2997067.843	2049981.004	228125.5369	2141366.576	2211	37	2052243.781
2286	2.940151381	3.08	0.02	1.201876311	2.905	2264910658	7	3.08	7.086243877	9.48	4.92	1.345356492	6.88	47958938	12	5.725414338
2287	4.397495383	5.16	0.02	1.857639311	4.6	2202551637	8	5.16	9.495490106	19	6.55	3.642782296	7.19	157978399	21	6.55
2288	0.229095907	0.88	0.07	0.37632939	0.84	2333491009	8	0.873152946	2.372411763	3.1	1.79	0.3045078	2.295	83961448	20	1.845993263
2289	24520	24520	24520	0.01	24520	3	1	24520	194135.9375	196500	146900	26924.02273	148000	128	5	150196.875
2290	0	0	0	0	0	0	0	0	749900000	749900000	749900000	0.01	749900000	2	1	749900000
2291	13365.4717	13470	12500	506.8530359	13240	53	3	13470	1021245.283	2490000	124000	1048716.024	159000	53	5	124000
2292	0	0	0	0	0	0	0	0	749900000	749900000	749900000	0.01	749900000	2	1	749900000
2293	47539.21124	91140	14140	36051.66231	27725	1948	9	91140	192510.582	204700	176400	12138.95	186950	189	8	176468.254
2294	0	0	0	0	0	0	0	0	254967333.3	749900000	7501000	524955367.2	378700500	3	2	7501000
2295	41205.9854	41210	41180	15.27525232	41200	212	4	41210	267029.4118	299600	180900	68502.62769	181000	51	3	180900
2296	0	0	0	0	0	0	0	0	749900000	749900000	749900000	0.01	749900000	2	1	749900000
2297	399475.2137	678900	314600	178767.6365	360750	139	9	678802.5641	1254761.202	1917000	971300	263350.1938	1240500	183	10	971300
2299	993172.4138	1214000	400500	351863.6099	1212000	58	5	1214000	2944227.964	889900000	1774000	187086774.7	1812000	329	23	1774000
2301	1421324.324	1480000	351200	339810.4659	1464000	573	12	1480000	2247289.157	3500000	1759000	700974.612	2097000	581	25	1759793.46
2303	1143631.429	1501000	500200	412480.4723	1474500	70	6	1501000	2831721.631	14990000	1869000	3163506.442	1894000	564	17	1869503.546
2305	4.043198122	4.5	0.02	1.859778959	4	2195128195	10	4.5	7.447866963	24	6.28	4.488350742	6.98	169538491	15	6.285247453
2306	0.675893066	3.83	0.08	1.4934122	3.785	2265975976	7	3.821927451	6.23761497	10.94	5.95	1.506680678	7.675	479627328	16	5.978414954
2307	2.555310715	3.7	0.02	1.54048539	3.61	2183661925	8	3.7	9.512892035	17.27	5.08	3.621691392	9.35	169852166	19	5.083945524
2308	1.14199268	2.41	0.02	0.848746134	1.15	2200085867	6	1.446214156	5.954989882	7	3.82	0.894194054	4.645	121564928	18	3.827125809
2309	1.208928061	2.9	0.02	1.403209968	2.77	2305296543	9	2.865069294	5.88681179	8.96	3.5	1.847296961	5.49	108296059	12	4.335942396
2310	0.262533551	1.03	0.02	0.466976088	1	2287683973	8	1.03	2.239048796	3.93	1.97	0.620827122	2.1	238783717	19	2.01005838
2311	3.177651911	3.21	0.02	1.286464146	3.165	2206609894	7	3.21	10.34710469	12.84	4.96	3.009736284	7.485	18537342	8	4.962282607
2312	9093.37425	12040	500	3973.917397	10367.5	890140	24	12037.44401	14785.03912	15180	14160	386.8308354	14980	138147	15	14187.52778
2317	5739.242953	7020	500	2834.462678	6182.5	1379908	11	7016.979719	9206.869257	12230	8480	817.1972426	8890	471767	39	8480
2319	7107.627846	7948	500	3345.817538	7740	755070	12	7947.636252	9904.91555	9999	9558	180.6737391	9797	182712	11	9558
2321	11349.55333	13930	500	6532.457266	12785	541784	8	13053.32257	17475.98325	18870	16720	837.7183649	17370	90999	17	16720
2327	6747.221929	11130	250.005	4680.472353	5690.05	839431	14	11112.07101	0	0	0	0	0	0	0	0
2328	5749.865751	6659	500	2981.624603	6628	705241	13	6652.005976	9697.026973	13000	8359	1294.934435	9378	530264	40	8374.24059
2329	6407.492857	7570	500	3082.859726	7527	396552	12	7561.190785	9978.623888	10700	9289	378.2829016	9721	543553	34	9308.941722
2331	1018.019318	1019	1018	0.707106781	1018.5	880	2	1018.386364	57503.26613	69670	54410	7618.352293	54445	248	4	54410
2332	0	0	0	0	0	0	0	0	1291262.136	7000000	1000000	4242640.687	4000000	103	2	1000000
2333	563811.0266	640000	545000	35357.24483	625100	263	7	632368.8213	839035.3165	1025000	729900	77777.3865	904700	3160	52	729994.3038
2341	428800	428800	428800	0.01	428800	7	1	428800	926603.8462	950000	912000	21910.49977	949900	26	3	912000
2344	30249.6908	33500	65.06	15119.95695	31830	88562	10	33500	60901.62543	66990	58480	3048.82491	60000	37221	19	58485.70162
2345	52245.45205	52250	67.02	30124.97121	52240	56285	5	52250	97175.55841	116600	83000	11285.45355	92000	8578	7	89377.43064
2346	63994.99543	71660	76.87	24746.97775	60765	44756	16	71660	91541.36719	99990	81230	5980.229929	86570	33675	9	81233.86488
2348	91069.11829	93170	84030	2858.88808	92855	33795	24	93167.36807	116341.4035	125400	113000	3937.752498	115700	50561	20	113000
2349	78107.20622	87106.2826	88.54554815	24480.94687	77132.60648	124495	13	87106.1412	108260.4361	129366.5857	102326.1151	7000.346937	111086.3747	35401	16	102392.8985
2351	56919.24639	71000	20090	18111.11577	65030	25209	11	68716.78246	98354.00965	100100	85000	5621.374387	91295	12430	8	85485.09252
2352	55805.14214	61000	10080	13399.0768	53110	15471	16	60171.94342	78259.94892	89690	75000	3748.274695	83175	29366	14	75000
2354	50354.55634	50360	98.33	26860.58929	98.53	57809	9	50360	96812.76545	105000	96160	2534.393419	96600	24430	13	96168.30536
2355	0	0	0	0	0	0	0	0	1746291.667	1799000	1699000	53597.57457	1796000	48	5	1699000
2358	64173.97935	66390	59230	2988.089691	66365	59332	8	66390	147379.8904	250000	107000	39784.01218	138900	31388	16	108736.5617
2360	36502.07877	37050	60.14	19573.42243	32910	8841	9	37050	72000	72000	72000	0.01	72000	3000	1	72000
2361	93321.3394	100100	14.77	21068.81378	92500	128426	23	100078.9741	149883.2147	165000	147300	6575.676681	148000	9270	7	147300
2363	1777.490772	1780	10.02	1021.033506	1777	1192	3	1780	72160.4742	82500	69100	3482.460648	70480	4555	19	69218.15587
2364	769959.4014	871300	219300	244710.3728	770100	1537	11	871300	1009416.845	1200000	923400	87636.86181	970200	2244	24	923404.6346
2366	98146.57143	98150	98140	7.071067812	98145	111916	4	98150	114709.718	139500	113500	10682.16137	122100	14962	8	113500
2367	95064.50864	102700	85000	5604.996655	94380	36749	22	102604.9549	141814.9617	149800	119900	9268.728787	122850	124451	10	119997.943
2368	0	0	0	0	0	0	0	0	0	0	0	0	0	0	0	0
2369	0	0	0	0	0	0	0	0	0	0	0	0	0	0	0	0
2371	0	0	0	0	0	0	0	0	0	0	0	0	0	0	0	0
2373	0	0	0	0	0	0	0	0	0	0	0	0	0	0	0	0
2374	0	0	0	0	0	0	0	0	0	0	0	0	0	0	0	0
2375	0	0	0	0	0	0	0	0	0	0	0	0	0	0	0	0
2376	0	0	0	0	0	0	0	0	0	0	0	0	0	0	0	0
2377	0	0	0	0	0	0	0	0	0	0	0	0	0	0	0	0
2389	372.8965781	500	4.3	125.0960626	420.6	3224448	19	491.8797515	563.104549	570	510	23.84969601	559.9	828737	5	558.8467346
2390	486.2502234	521.3	0.1	139.6838862	491.3	2591686	16	521.3	640.2874118	784.9	530	71.30758892	638.95	9087627	34	530
2392	516.3273028	660.5	8.4	262.8323756	655	3175417	9	660.5	857.3009403	877.9	775	29.87698908	817.9	6753308	21	804.9627175
2393	270.5800561	390.2	10.75	94.16979907	323.2	6542989	18	390.2	444.01462	3389	406	581.7789167	419.4	6269443	26	407.5739747
2395	350.0651722	724.7	11.22	242.7286401	700.6	8169175	18	724.7	957.1338412	1099	799	66.33241356	950	6976855	27	894.4416145
2396	99.25218458	245.1	11.22	106.4685394	228.45	4963402	21	245.0810785	314.8630981	570	250.9	89.80388964	292	4020483	18	250.9
2397	356.6436187	591.2	8.25	229.0213824	572.15	5818795	20	591.2	944.1098109	1200	770	126.0176053	916	2785676	17	818.076184
2398	399.9723235	442.5	347.2	33.30226648	401.5	2836566	18	442.214886	539.0194645	649.8	445	50.94104812	472.85	9456873	34	455.0120756
2399	407.2838027	571.6	8.5	176.6575768	510.5	2958135	11	571.5554146	710.8154986	850	637.9	43.89101851	722.5	20797722	34	679.2079564
2400	300.283463	343	61.3	80.72266551	320.1	4722404	13	343	422.4569722	1000	350	127.1082497	405	3088370	23	354.2264683
2401	165.7298885	633.1	8	216.9266553	365.85	10082151	24	632.9289875	816.8533501	999.9	738	58.91585243	779.9	4852330	23	745.0445961
2403	7952.934783	7959.130435	7951.304348	5.533879157	7955.217391	24	2	7959.130435	10386304.35	10391304.35	10383478.26	5533.881331	10387391.3	46	3	10383478.26
2404	472660.1019	671300	175100	198624.3987	639800	640	13	671154.3294	922789.1674	1489000	870700	106267.1352	900000	2234	47	870887.1979
2406	212731.3433	212771.6418	212686.5672	60.15684556	212729.1045	19	2	212771.6418	1081298.507	1297761.194	1043388.06	136253.1541	1255223.881	67	4	1043388.06
2410	1020364.362	1114000	1258	359920.8236	989600	916	12	1114000	2913944.954	115000000	1279000	19738722.72	1325000	981	33	1279959.225
2420	2553992.908	3641000	641600	1007155.863	3507000	423	16	3640945.626	5454966.887	45000000	4489000	7082498.234	4764500	1359	32	4489204.562
2436	998400	1190000	250000	412379.8637	1188000	98	6	1190000	1741527.666	2629000	1462000	339390.5987	1585000	1247	31	1463723.336
2444	49976.61836	75000	5000	32984.8829	17550	1035	4	75000	152370.0395	116000000	126900	27302024.58	157200	1265	18	126995.2569
2445	0	0	0	0	0	0	0	0	7700000	7700000	7700000	0.01	7700000	6	1	7700000
2446	678075.9076	1371000	15540	560575.0697	1362000	1222	11	1370214.521	1813015.068	1815000	1812000	1527.525232	1813000	730	3	1812315.068
2454	1315.313087	1614.704375	0.00999817	675.6423333	777.8575874	15223	5	1601.381911	4119.215388	7499.359143	3999.999817	1247.327715	4874.33974	81945	7	3999.999817
2455	25000	25000	25000	0.01	25000	5	1	25000	750000	750000	750000	0.01	750000	35	1	750000
2456	274588.5447	276200	50000	127996.4453	266900	4164	3	276200	367154.8963	5000000	276300	859902.4509	380000	5933	29	284532.8839
2463	6202.017117	7300	500	2819.538907	7113.5	820286	14	7267.565576	11289.03108	71990	8837	10173.71135	9217.5	655196	38	8866.910848
2464	3693.391178	4022	1000	1242.740348	1638	22971	8	4022	14062.17948	139000	5998	34271.33086	6300	15227	15	5999.225061
2465	25000	25000	25000	0.01	25000	5	1	25000	800000	800000	800000	0.01	800000	41	1	800000
2466	253810.7617	276900	90000	69885.6577	239600	1802	13	276802.7952	355357.7353	419000	347400	26361.88627	349300	3400	7	348557.6471
2476	5775.388358	10010	5150	2131.68994	5272	1151	5	10010	58023.50453	83400	40000	13968.15979	53495	331	18	40132.26586
2477	0	0	0	0	0	0	0	0	4400000	4400000	4400000	0.01	4400000	38	1	4400000
2478	867337.6471	1178000	507000	286399.7853	800300	85	5	1178000	2623012.75	4425000	1457000	814766.3658	1470000	549	13	1458344.262
2486	3357.31522	3510	1000	1050.380883	3115	7766	5	3502.008756	7547.366685	10000	7479	976.1024339	7756	12523	14	7479.311667
2487	25016.66667	25100	25000	70.71067812	25050	6	2	25100	800000	800000	800000	0.01	800000	5	1	800000
2488	280323.2319	291700	75000	55237.57631	284300	5457	30	291700	369846.9655	399000	362800	10949.87715	370000	7563	15	362800
2495	50033.18182	50040	50020	10	50030	22	3	50040	528116.6667	580100	500000	35147.21895	529800	120	5	500000
2505	249000	249000	249000	0.01	249000	20	1	249000	523077.9817	525500	500000	14665.03779	525300	109	3	500000
2506	141.1857229	285	100	90.72854659	279.55	289275	4	285	498.3016509	599.9	480	35.71517376	489.2	1035669	11	480
2507	0	0	0	0	0	0	0	0	7000000	7000000	7000000	0.01	7000000	1	1	7000000
2508	125.9598637	126	125	0.707106781	125.5	249151	2	126	492.6378807	492.7	492.6	0.070710678	492.65	395980	2	492.6
2509	0	0	0	0	0	0	0	0	10000000	10000000	10000000	0.01	10000000	1	1	10000000
2510	259.0750889	285	252	19.02375708	252.1	346873	3	285	622.1643	658.5	594	29.85897967	599	350423	6	594
2511	0	0	0	0	0	0	0	0	8000000	8000000	8000000	0.01	8000000	1	1	8000000
2512	5	5	5	0.01	5	999700	1	5	25.68175095	134	15	34.72387258	18.995	3625636	18	15
2513	0	0	0	0	0	0	0	0	35000	35000	35000	0.01	35000	1	1	35000
2514	3.00010194	3.01	3	0.007071068	3.005	803810	2	3.00203879	45.15997899	49.4	41.82	3.185992781	44.99	2960428	17	41.87582133
2515	0	0	0	0	0	0	0	0	40000	40000	40000	0.01	40000	1	1	40000
2516	1.521440109	1.54	1.51	0.015275252	1.53	1986815	3	1.54	54.81986896	189900	13.7	39577.73903	19.94	1388000	23	13.70989625
2517	0	0	0	0	0	0	0	0	50000	50000	50000	0.01	50000	1	1	50000
2524	43413.33333	49080	10000	22559.96232	49070	372	6	49080	361492.2629	399000	356400	16010.17534	368650	1202	8	356400
2525	31139.2	31240	31100	98.99494937	31170	455	4	31240	144169.3989	160000	141300	5921.453463	143100	366	9	141301.6393
2529	12200.08032	12210	12200	7.071067812	12205	283	3	12201.60643	39259.17647	53900	25000	11843.54126	33990	340	8	25055.88235
2530	0	0	0	0	0	0	0	0	186900000	186900000	186900000	0.01	186900000	2	1	186900000
2531	440316.1194	587900	38560	388442.0392	313230	67	2	587900	785498.7952	831100	759200	29618.21614	770000	166	11	759200
2533	3585.834897	30330	1000	10127.07324	30160	1579	10	30239.02439	148813.6752	1000000	119500	261819.6034	121000	702	11	119500
2534	61020	61100	61000	70.71067812	61050	216	3	61100	286868.9046	290000	285900	1808.867049	287000	1415	6	285900
2537	20112.20894	20120	20100	14.14213562	20110	1677	3	20120	68722.82744	70000	68490	508.8906001	68575	481	8	68498.7526
2538	0	0	0	0	0	0	0	0	186900000	186900000	186900000	0.01	186900000	2	1	186900000
2539	527442.4242	666800	150200	220042.639	572000	112	7	666800	1033792.848	1145000	957300	83311.15714	974400	797	21	957395.9849
2545	19400	19400	19400	0.01	19400	651	3	19400	59927.05882	59940	59900	20	59920	68	3	59900
2546	0	0	0	0	0	0	0	0	186900000	186900000	186900000	0.01	186900000	2	1	186900000
2547	444542.0561	519100	101000	170525.8387	518750	155	7	519100	995127.0718	1180000	959100	69770.71377	982700	181	9	959100
2549	50167.77126	50710	41010	4521.25978	50645	1388	8	50693.20626	349359.7234	349700	349300	182.5741858	349500	1229	4	349300
2550	30351.87097	30730	25010	2278.938349	30250	761	9	30730	157262.075	244900	147400	37289.81338	160000	1147	11	147458.1517
2551	35703.17073	36010	35350	312.6179777	35900	336	6	36010	165406.6887	399900	116800	92526.19149	117300	1510	9	116897.351
2553	677724.7788	895000	300200	218825.2956	611200	244	6	895000	1116920.548	2000000	979000	248813.0168	1102500	438	20	979000
2559	166999.0291	168700	165100	1800.925688	167000	103	3	168700	1601658.12	1798000	1445000	107785.1954	1598000	234	14	1445000
2563	105221.7391	105300	105000	212.1320344	105150	23	2	105300	1686184.211	1798000	1450000	122926.4007	1701000	152	10	1450000
2567	345163.6364	903400	120300	349366.4165	900100	132	5	903400	1906308.725	3149000	1779000	476654.3372	1801000	149	8	1779000
2571	537577.931	558900	281000	137236.4007	553850	193	7	558844.8276	1564593.548	2155000	1437000	237798.049	1547000	310	14	1437000
2575	158187.3874	160800	157900	2050.609665	159350	111	2	160800	1608348.178	1798000	1495000	88772.48206	1567000	247	8	1507368.421
2589	102273846.2	120400000	100000	46379212.42	117500000	15	10	120400000	272017948.7	500000000	232700000	53775430.12	246600000	39	30	232846153.8
2603	2813.376343	4543	1501	1307.475357	4527	8192	7	4543	25319.24404	247000	15390	78651.45578	29400	5159	34	15390
2604	0	0	0	0	0	0	0	0	14924166.67	15990000	3200000	9043895.731	9595000	12	2	3200000
2605	216179.2563	300100	65070	72173.99311	252200	2232	19	300052.3297	399136.2242	244000000	393700	62892307.14	399200	1695	15	394086.1357
2613	51.48186478	52	51.02	0.692964646	51.51	259462	2	52	85.61294662	102.5	70	8.629094643	83	3171910	13	70
2621	212.1964114	250	0.01	108.7389843	60.005	139669	5	250	1800.766092	2000	530	353.1151028	601.7	7881982	16	572.9654623
2629	381.6928729	382	0.01	219.9955978	380.1	54440	3	382	566.3740293	679.9	430	88.06673688	597.35	2695069	24	430
2637	275	275	0.01	158.4805352	1	100000	3	275	593.0279737	602	500	37.29652416	577.5	1112651	8	500
2647	41.97588813	46.7	39	5.444722215	42.85	203742	2	46.7	67.8005991	72.98	53	7.178824378	66.98	3909645	9	53
2655	250	250	0.01	144.3260206	0.03	144309	3	250	519.3907437	546	445	33.61895569	524.6	3793848	11	492.7656198
2679	56.01640707	57	55.18	0.644763523	56.02	1829518	6	57	94.58358021	182	76	26.3845813	88.58	12788864	14	79.99531023
2735	287500	287500	287500	0.005	287500	3	1	287500	0	0	0	0	0	0	0	0
2736	0	0	0	0	0	0	0	0	0	0	0	0	0	0	0	0
2739	2500000	2500000	2500000	0.005	2500000	9	1	2500000	0	0	0	0	0	0	0	0
2740	0	0	0	0	0	0	0	0	0	0	0	0	0	0	0	0
2741	0	0	0	0	0	0	0	0	0	0	0	0	0	0	0	0
2750	0	0	0	0	0	0	0	0	0	0	0	0	0	0	0	0
2752	0	0	0	0	0	0	0	0	0	0	0	0	0	0	0	0
2755	0	0	0	0	0	0	0	0	0	0	0	0	0	0	0	0
2757	0	0	0	0	0	0	0	0	0	0	0	0	0	0	0	0
2759	0	0	0	0	0	0	0	0	0	0	0	0	0	0	0	0
2761	0	0	0	0	0	0	0	0	0	0	0	0	0	0	0	0
2763	0	0	0	0	0	0	0	0	0	0	0	0	0	0	0	0
2774	0	0	0	0	0	0	0	0	0	0	0	0	0	0	0	0
2775	0	0	0	0	0	0	0	0	0	0	0	0	0	0	0	0
2776	0	0	0	0	0	0	0	0	0	0	0	0	0	0	0	0
2777	0	0	0	0	0	0	0	0	0	0	0	0	0	0	0	0
2778	0	0	0	0	0	0	0	0	0	0	0	0	0	0	0	0
2779	0	0	0	0	0	0	0	0	0	0	0	0	0	0	0	0
2780	0	0	0	0	0	0	0	0	0	0	0	0	0	0	0	0
2781	0	0	0	0	0	0	0	0	0	0	0	0	0	0	0	0
2782	0	0	0	0	0	0	0	0	0	0	0	0	0	0	0	0
2783	0	0	0	0	0	0	0	0	0	0	0	0	0	0	0	0
2784	0	0	0	0	0	0	0	0	0	0	0	0	0	0	0	0
2785	0	0	0	0	0	0	0	0	0	0	0	0	0	0	0	0
2787	0	0	0	0	0	0	0	0	0	0	0	0	0	0	0	0
2792	0	0	0	0	0	0	0	0	0	0	0	0	0	0	0	0
2794	0	0	0	0	0	0	0	0	0	0	0	0	0	0	0	0
2796	0	0	0	0	0	0	0	0	0	0	0	0	0	0	0	0
2798	0	0	0	0	0	0	0	0	0	0	0	0	0	0	0	0
2799	0	0	0	0	0	0	0	0	0	0	0	0	0	0	0	0
2801	445	1000	0.01	556.9602769	75	125000	3	1000	1614.703611	1999	1495	162.2096857	1598.5	403210	8	1496.91595
2803	0	0	0	0	0	0	0	0	0	0	0	0	0	0	0	0
2804	0	0	0	0	0	0	0	0	0	0	0	0	0	0	0	0
2805	0	0	0	0	0	0	0	0	0	0	0	0	0	0	0	0
2806	0	0	0	0	0	0	0	0	0	0	0	0	0	0	0	0
2807	0	0	0	0	0	0	0	0	0	0	0	0	0	0	0	0
2808	0	0	0	0	0	0	0	0	0	0	0	0	0	0	0	0
2810	0	0	0	0	0	0	0	0	0	0	0	0	0	0	0	0
2811	545.3626995	1000	0.01	550.753726	100	98980	3	1000	1575.140755	1689	1498	68.79576399	1513.5	366624	8	1498.367636
2813	0	0	0	0	0	0	0	0	0	0	0	0	0	0	0	0
2814	0	0	0	0	0	0	0	0	0	0	0	0	0	0	0	0
2815	0	0	0	0	0	0	0	0	0	0	0	0	0	0	0	0
2816	0	0	0	0	0	0	0	0	0	0	0	0	0	0	0	0
2817	26.95147725	27.1	26.7	0.211660105	27.02	670668	4	27.09884058	84.85233082	4990	51.1	1486.933319	55.58	12315409	11	51.98882765
2819	0	0	0	0	0	0	0	0	0	0	0	0	0	0	0	0
2822	0	0	0	0	0	0	0	0	0	0	0	0	0	0	0	0
2823	0	0	0	0	0	0	0	0	0	0	0	0	0	0	0	0
2824	0	0	0	0	0	0	0	0	0	0	0	0	0	0	0	0
2825	0	0	0	0	0	0	0	0	0	0	0	0	0	0	0	0
2826	0	0	0	0	0	0	0	0	0	0	0	0	0	0	0	0
2827	0	0	0	0	0	0	0	0	0	0	0	0	0	0	0	0
2828	0	0	0	0	0	0	0	0	0	0	0	0	0	0	0	0
2829	0	0	0	0	0	0	0	0	0	0	0	0	0	0	0	0
2830	0	0	0	0	0	0	0	0	0	0	0	0	0	0	0	0
2834	100000000	100000000	100000000	0.005	100000000	3	1	100000000	0	0	0	0	0	0	0	0
2836	110000000	110000000	0.005	77781745.93	55000000	3	2	110000000	0	0	0	0	0	0	0	0
2863	15025000	15100000	0.01	8689265.402	15000000	12	4	15100000	63506296.3	69500000	46160000	11754586.2	56495000	27	6	46162592.59
2865	195433.9587	201000	111100	63568.89963	156050	533	2	201000	2954538.462	2968000	2793000	123743.6867	2880500	13	2	2793000
2867	1784744.695	1801000	1730000	26189.69263	1784500	2845	13	1801000	1999358.364	2098000	1949000	60644.86788	1996000	1345	5	1949033.457
2868	1602946.433	1819133.076	2883.06632	832331.6583	1670442.816	2080	12	1819133.076	2270833.365	2462280.039	2105203.086	122213.5425	2242177.049	5185	16	2106221.022
2869	880511.0487	881000	856600	13807.72731	880000	3962	8	881000	975683.1138	1099000	929100	49089.23653	991500	2961	21	929100
2870	764131.8073	847000	3026	251769.2775	841400	3995	15	847000	965314.4787	986400	937900	21230.34838	951000	6292	13	937900
2871	832759.1596	1116158.558	91674.53955	420435.2833	1003440.803	4939	15	1113839.489	1326073.864	1341153.409	1294524.325	16770.02328	1300242.987	5632	11	1295091.619
2872	1869914.573	1871000	2202	1017961.002	1845000	2252	9	1871000	2005130.599	2179000	1973000	49823.21689	1991500	6363	18	1973233.066
2873	247495.9016	276700	40	103153.7299	237000	122	6	276700	449629.6584	484900	436300	16488.81439	446850	644	10	436300
2875	1082924.378	1162000	900800	105534.314	1013000	2043	11	1162000	1498160.351	6985000	1255000	1408308.672	1276500	1821	16	1255000
2876	1458440.542	1767000	185000	581043.5194	1704000	3679	12	1767000	1923275.543	2050000	1800000	76421.59725	1919500	6166	20	1808248.459
2881	293823.5955	336700	289000	33728.99346	312850	89	2	336700	480158.3333	583300	454100	53278.73264	463150	888	14	454100
2889	160332.1037	420000	81180	180722.4034	250215	385	9	420000	580200.2107	794400	558900	78786.7062	569300	1898	17	558900
2897	718355.7103	974100	366600	262584.0252	973000	410	10	974100	1800938.865	1911000	1769000	36550.13116	1799500	458	14	1769000
2905	272625	469900	220000	103073.5417	442000	240	5	469900	766848	800000	742900	32937.87081	799900	50	3	742900
2913	793912.8165	1222000	264900	440582.773	1214500	663	10	1222000	1965055.195	2550000	1698000	305280.2674	1942000	924	24	1698696.97
2921	719962.6016	868300	676000	104690.8162	866700	123	5	867968.2927	2421781.489	2617000	2421000	71864.91958	2471000	1048	6	2421000
2929	3557575.188	3765000	2739000	416927.5176	3748000	266	14	3764751.88	4964154.618	6129000	4708000	526964.9796	4730000	498	13	4715955.823
2937	389018.241	770300	21050	280329.5418	768800	357	8	770221.4984	1498932.862	2295000	1271000	278358.6906	1619500	283	22	1283950.53
2945	141321.6239	156000	53930	58468.09928	55550	585	3	156000	5490490.909	6364000	5400000	436941.9489	5612000	165	6	5400000
2953	1878500	1951000	1000	638511.9419	1938000	56	9	1951000	5594615.385	5598000	5593000	2160.246899	5594500	39	4	5593000
2961	5397680	6107000	1740000	1530314.612	6000000	225	12	6107000	9963537.954	189900000	7797000	41719763.15	8116000	303	19	7797405.941
2969	399385.3659	960700	159000	400417.1689	160300	169	5	960700	2233226.963	2974000	960800	475895.2987	2294500	2114	32	1495466.414
2977	368575.2747	387800	118500	118502.8818	387600	224	6	387800	701004.5055	811300	679300	35547.51425	695200	910	14	679368.1319
2985	250005.7143	252500	232600	10787.18375	241350	625	5	252095.2381	6268788.162	6297000	6246000	19940.36564	6271000	321	11	6246813.084
2993	284229.5082	518700	200100	127127.3168	384600	176	7	518700	796764.0167	842000	749000	35068.75584	781000	478	11	749000
2998	69964166.67	85590000	0.01	30136261.38	50000000	12	9	85590000	141554000	977000000	97810000	211831251.8	106500000	25	17	97812000
3001	266800	266800	2055	187202.9848	134427.5	76	2	266800	595288.4821	688800	559200	44415.56672	572300	1311	25	559200
3009	689730.1587	690400	688700	899.5369179	689600	63	4	690400	1603297.989	1618000	1599000	10408.33	1608500	547	4	1599963.437
3017	111208.8995	399700	92200	123348.8333	320050	1045	6	396625.8373	746393.9462	787700	683200	43898.12882	691100	446	7	683200
3025	836120.9567	1470000	328000	523300.3073	1303500	449	11	1416227.79	2425160	3500000	1853000	571523.9482	2168000	575	25	1853000
3033	343667.9758	511000	135000	146392.9358	415600	383	11	505875.2266	868136.9231	909900	839700	23008.03392	878250	1040	16	842013.4615
3039	100000000	100000000	100000000	0.01	100000000	1	1	100000000	495160000	621800000	459700000	71005056.16	461500000	5	5	459700000
3041	610362.4815	712600	101800	226550.0643	712000	677	11	712529.5421	1037309.642	1499000	922700	113088.1917	972000	4190	41	922924.105
3049	2407057.971	3953000	395500	2052307.902	2176050	69	4	3952579.71	7256131.367	9696000	6999000	804970.1789	7221500	373	10	6999000
3057	4306187.135	4778000	3506000	522789.2713	4761500	171	10	4778000	6350595.361	9400000	5659000	1087088.008	6395500	1164	32	5661470.79
3065	749467.8899	4889000	414300	1829830.814	4360000	218	5	4563623.853	7552760.989	15000000	6697000	2457062.791	7106500	364	24	6697505.495
3074	357765.5405	519700	150000	161617.086	347700	208	6	519700	807001.6807	833100	799700	9066.170887	808400	357	12	799700
3077	538571.4286	750000	10000	523259.0181	380000	7	2	750000	29990000	29990000	29990000	0.01	29990000	27	1	29990000
3078	504500	504500	504500	0.005	504500	12	1	504500	0	0	0	0	0	0	0	0
3079	32505000	50000000	20010000	15269796.99	40000000	4	3	50000000	542566666.7	586800000	454200000	76527794.52	586700000	3	3	454200000
3080	2890800	5250000	1401000	2152185.149	3201000	5	4	5250000	14473333.33	15500000	13680000	993524.8697	14495000	30	4	13680000
3081	81768000	81980000	81620000	191398.3629	81810000	5	4	81980000	143000000	143000000	143000000	0.01	143000000	4	1	143000000
3082	581691.63	1089000	300000	389656.3122	998000	260	8	1088731.278	2095457.395	3193000	1509000	499300.2015	1690000	1021	17	1511040.157
3084	265525000	350000000	120000000	85986522.2	271000000	8	5	350000000	914416666.7	950000000	896100000	20983378.7	902500000	12	11	896100000
3085	250000	250000	250000	0.005	250000	5	1	250000	0	0	0	0	0	0	0	0
3086	3001000	3001000	3001000	0.005	3001000	2	1	3001000	0	0	0	0	0	0	0	0
3087	30510000	31000000	30020000	692964.6456	30510000	2	2	31000000	689540000	699000000	679900000	9502262.888	689900000	5	5	679900000
3088	105416.6667	105500	105000	353.5533906	105250	6	2	105500	0	0	0	0	0	0	0	0
3089	23340000	30000000	20010000	7063996.744	25005000	3	2	30000000	249900000	249900000	249900000	0.01	249900000	1	1	249900000
3090	2109706.977	6745000	476600	2765639.984	3049000	301	7	6744598.007	8462392.505	14990000	6965000	1975686.231	7996000	507	26	6966289.941
3092	170507692.3	272000000	10000000	116735478.8	270700000	13	5	272000000	659200000	663500000	654900000	6081118.318	659200000	2	2	654900000
3093	5170272.727	5201000	5116000	43181.78628	5169500	11	4	5201000	9387567.568	14140000	8969000	2461903.109	9485000	37	4	8969000
3094	100000000	100000000	100000000	0.01	100000000	1	1	100000000	174000000	174100000	173900000	141421.3562	174000000	2	2	173900000
3095	358800000	493400000	90000000	232787714.5	493000000	3	3	493400000	772675000	842300000	749200000	46417695.98	749600000	4	4	749200000
3096	1000000	1000000	1000000	0.01	1000000	1	1	1000000	13348750	14960000	12980000	869787.3303	13010000	8	5	12980000
3097	68125000	80430000	65050000	8876761.797	80420000	10	3	80430000	157800000	158900000	156800000	873498.7121	157000000	7	5	156800000
3098	266835.8974	289000	199100	42652.42275	279100	78	4	289000	628070.3072	4664000	449800	1634063.113	458800	293	12	449800
3100	57530000	60000000	55060000	3493107.499	57530000	2	2	60000000	739000000	750000000	717000000	23334523.78	733500000	3	2	717000000
3102	5095000	5500000	5050000	318198.0515	5275000	10	2	5500000	125500000	125500000	125500000	0.01	125500000	1	1	125500000
3103	26000000	26000000	26000000	0.01	26000000	1	1	26000000	748766666.7	750000000	748100000	1069267.662	748200000	3	3	748100000
3106	1015577.273	1069000	978900	51733.00043	1068000	44	3	1069000	1836660.606	1993000	1070000	341625.2908	1471500	165	8	1260606.061
3108	0	0	0	0	0	0	0	0	294900000	294900000	294900000	0.01	294900000	1	1	294900000
3109	0	0	0	0	0	0	0	0	5000000	5000000	5000000	0.01	5000000	1	1	5000000
3110	0	0	0	0	0	0	0	0	38980000	38980000	38980000	0.01	38980000	2	1	38980000
3111	1	1	1	0.01	1	10	1	1	410000000	410000000	410000000	0.01	410000000	1	1	410000000
3112	0	0	0	0	0	0	0	0	13623750	13680000	13620000	42426.40687	13650000	16	2	13620000
3113	9001000	10000000	8002000	1412799.349	9001000	2	2	10000000	249900000	249900000	249900000	0.01	249900000	1	1	249900000
3114	35690	35690	35690	0.01	35690	22	1	35690	2741337.793	4098000	2542000	492847.5513	2717000	598	14	2542000
3116	10000000	10000000	10000000	0.01	10000000	2	2	10000000	769000000	769000000	769000000	0.01	769000000	1	1	769000000
3117	2318400	2510000	2200000	156899.0121	2506000	15	5	2510000	16242631.58	21060000	14680000	2652309.057	15390000	38	10	14680000
3118	10000000	10000000	10000000	0.01	10000000	5	1	10000000	255000000	255000000	255000000	0.01	255000000	2	1	255000000
3119	317133333.3	317700000	316700000	513160.1439	317000000	6	3	317700000	721200000	721200000	721200000	0.01	721200000	1	1	721200000
3120	0	0	0	0	0	0	0	0	17510000	17510000	17510000	0.01	17510000	3	1	17510000
3121	13158000	13160000	13150000	7071.067812	13155000	5	2	13160000	0	0	0	0	0	0	0	0
3122	632100.4444	1677000	535700	658670.2083	536600	225	3	1677000	3783730.57	4629000	3265000	564329.3793	4120500	193	14	3265000
3124	60000000	60000000	60000000	0.01	60000000	1	1	60000000	788180000	799800000	784200000	6603181.052	785300000	5	5	784200000
3125	5252200	5253000	5252000	707.1067812	5252500	5	2	5253000	14761111.11	14800000	14710000	49328.82862	14720000	9	3	14710000
3126	35946142.86	42000000	9123000	18457526.28	40100000	7	3	42000000	361775000	362700000	360800000	1069267.662	360900000	4	3	360800000
3127	351025000	351100000	351000000	70710.67812	351050000	4	2	351100000	826633333.3	920600000	796800000	49942073.11	799450000	6	6	796800000
3128	500000	500000	500000	0.01	500000	3	1	500000	19335571.43	20990000	18980000	960937.0427	19495000	70	4	18987142.86
3129	4001000	4001000	4001000	0.005	4001000	1	1	4001000	0	0	0	0	0	0	0	0
3130	288020.2247	508700	155000	192165.4435	334000	178	6	508700	1751950	1810000	1696000	44039.37632	1704500	140	6	1696000
3132	153700000	200000000	111000000	44609079.79	150100000	3	3	200000000	647550000	671700000	638100000	16197221.98	640200000	4	4	638100000
3133	300000	300000	300000	0.01	300000	1	1	300000	17500000	17500000	17500000	0.01	17500000	1	1	17500000
3134	10070000	10070000	10070000	0.005	10070000	1	1	10070000	0	0	0	0	0	0	0	0
3135	25000000	25000000	25000000	0.01	25000000	2	2	25000000	661950000	665000000	659600000	2594224.354	661600000	4	4	659600000
3136	5000000	5000000	5000000	0.01	5000000	1	1	5000000	20463333.33	20500000	20440000	32145.50254	20450000	3	3	20440000
3137	70416666.67	72000000	70100000	1343502.884	71050000	6	2	72000000	129200000	149200000	122400000	11059972.88	139300000	19	6	122400000
3138	443888.2353	999300	154900	435543.1111	999000	186	7	999300	2198596.059	2926000	1895000	339480.2563	1938000	203	10	1895408.867
3140	120700000	121000000	120100000	408248.2905	120850000	7	4	121000000	865337500	895100000	856300000	12419102.51	861200000	8	8	856300000
3141	1100000	1100000	1100000	0.01	1100000	10	1	1100000	14873809.52	16080000	14190000	909042.5366	14320000	21	4	14190476.19
3142	30670666.67	42010000	8002000	19631641.84	42000000	3	3	42010000	261975000	298400000	249700000	24283653.62	249900000	4	4	249700000
3143	233250000	350000000	181000000	92341756.54	201000000	5	4	350000000	767800000	781100000	759200000	10245974.82	765450000	4	4	759200000
